"1";"&aaJբ-";"1419632914912";"33.1338"
"2";"&aaJբ-";"1419632944927";"33.1464"
"3";"&aaJբ-";"1419632974944";"33.3469"
"4";"wF2G9FP7P";"1419673442462";"26.4428"
"5";"wF2G9FP7P";"1419673472469";"26.4041"
"6";"wF2G9FP7P";"1419673503462";"26.2113"
"7";"wF2G9FP7P";"1419673532543";"27.9768"
"8";"wF2G9FP7P";"1419673562561";"27.4913"
"9";"wF2G9FP7P";"1419673592571";"26.951"
"10";"wF2G9FP7P";"1419673622576";"26.7377"
"11";"wF2G9FP7P";"1419673653542";"26.2214"
"12";"wF2G9FP7P";"1419673682597";"26.2587"
"13";"wF2G9FP7P";"1419673712603";"26.2468"
"14";"wF2G9FP7P";"1419673742653";"26.3255"
"15";"wF2G9FP7P";"1419673772629";"26.5044"
"16";"wF2G9FP7P";"1419673803097";"26.9302"
"17";"wF2G9FP7P";"1419673832682";"26.7241"
"18";"wF2G9FP7P";"1419673862696";"28.6803"
"19";"wF2G9FP7P";"1419673892708";"29.0057"
"20";"wF2G9FP7P";"1419673922719";"27.9474"
"21";"wF2G9FP7P";"1419673952734";"27.7093"
"22";"wF2G9FP7P";"1419673982789";"27.5635"
"23";"wF2G9FP7P";"1419674012765";"27.4949"
"24";"wF2G9FP7P";"1419674042781";"27.3768"
"25";"wF2G9FP7P";"1419674072800";"29.0416"
"26";"wF2G9FP7P";"1419674103780";"29.4073"
"27";"wF2G9FP7P";"1419674132852";"29.8609"
"28";"wF2G9FP7P";"1419674162863";"29.6265"
"29";"wF2G9FP7P";"1419674192875";"28.6539"
"30";"wF2G9FP7P";"1419674222912";"29.06"
"31";"wF2G9FP7P";"1419674252890";"29.6549"
"32";"wF2G9FP7P";"1419674282927";"28.7194"
"33";"wF2G9FP7P";"1419674312940";"28.3048"
"34";"wF2G9FP7P";"1419674342966";"27.9826"
"35";"wF2G9FP7P";"1419674372964";"27.7022"
"36";"wF2G9FP7P";"1419674403391";"27.7915"
"37";"wF2G9FP7P";"1419674433452";"28.8919"
"38";"wF2G9FP7P";"1419674463054";"28.7333"
"39";"wF2G9FP7P";"1419674493264";"28.7378"
"40";"wF2G9FP7P";"1419674523134";"28.5308"
"41";"wF2G9FP7P";"1419674553049";"28.4073"
"42";"wF2G9FP7P";"1419674583483";"28.297"
"43";"wF2G9FP7P";"1419674614062";"28.5921"
"44";"wF2G9FP7P";"1419674643120";"28.4598"
"45";"wF2G9FP7P";"1419674674083";"28.8083"
"46";"wF2G9FP7P";"1419674703130";"29.0683"
"47";"wF2G9FP7P";"1419674733160";"28.9605"
"48";"wF2G9FP7P";"1419674763414";"29.0052"
"49";"wF2G9FP7P";"1419674793240";"29.423"
"50";"wF2G9FP7P";"1419674823417";"29.9892"
"51";"wF2G9FP7P";"1419674853245";"30.4239"
"52";"wF2G9FP7P";"1419674883587";"30.5931"
"53";"wF2G9FP7P";"1419674913365";"29.9792"
"54";"wF2G9FP7P";"1419674943635";"29.972"
"55";"wF2G9FP7P";"1419674973276";"30.5535"
"56";"wF2G9FP7P";"1419675003409";"30.904"
"57";"wF2G9FP7P";"1419675033348";"31.175"
"58";"wF2G9FP7P";"1419675063365";"31.8721"
"59";"wF2G9FP7P";"1419675093686";"32.8027"
"60";"wF2G9FP7P";"1419676984399";"29.6018"
"61";"wF2G9FP7P";"1419677014427";"29.7819"
"62";"wF2G9FP7P";"1419677044747";"29.4971"
"63";"wF2G9FP7P";"1419677074434";"29.6207"
"64";"wF2G9FP7P";"1419677104814";"29.4341"
"65";"wF2G9FP7P";"1419677134478";"29.3031"
"66";"wF2G9FP7P";"1419677164674";"29.2987"
"67";"wF2G9FP7P";"1419677194639";"29.4797"
"68";"wF2G9FP7P";"1419677224762";"29.0124"
"69";"wF2G9FP7P";"1419677254583";"28.9947"
"70";"wF2G9FP7P";"1419677284700";"29.4029"
"71";"wF2G9FP7P";"1419677315631";"28.9023"
"72";"wF2G9FP7P";"1419677344633";"29.0748"
"73";"wF2G9FP7P";"1419677375011";"29.033"
"74";"wF2G9FP7P";"1419677404799";"29.1021"
"75";"wF2G9FP7P";"1419677434675";"29.0998"
"76";"wF2G9FP7P";"1419677465624";"29.0953"
"77";"wF2G9FP7P";"1419677494678";"28.5946"
"78";"wF2G9FP7P";"1419677524734";"28.3514"
"79";"wF2G9FP7P";"1419677554861";"28.4176"
"80";"wF2G9FP7P";"1419677585023";"28.3901"
"81";"wF2G9FP7P";"1419677615205";"28.3058"
"82";"wF2G9FP7P";"1419677644782";"28.3065"
"83";"wF2G9FP7P";"1419677674775";"28.2021"
"84";"wF2G9FP7P";"1419677704779";"27.4653"
"85";"KO;z`";"1419681110650";"31.3092"
"86";"wF2G9FP7P";"1419679956193";"28.8515"
"87";"KO;z`";"1419681140432";"30.6838"
"88";"KO;z`";"1419681170234";"30.5796"
"89";"wF2G9FP7P";"1419679986509";"28.7673"
"90";"KO;z`";"1419681200016";"30.3815"
"91";"KO;z`";"1419681230763";"30.7225"
"92";"KO;z`";"1419681260551";"30.45"
"93";"KO;z`";"1419681290337";"30.5773"
"94";"KO;z`";"1419681320135";"30.4367"
"95";"^E?Nneb";"1419681103003";"25.996"
"96";"^E?Nneb";"1419681132802";"26.094"
"97";"^E?Nneb";"1419681163552";"25.8943"
"98";"^E?Nneb";"1419681193338";"25.8256"
"99";"^E?Nneb";"1419681223128";"25.5861"
"100";"^E?Nneb";"1419681252917";"25.9777"
"101";"^E?Nneb";"1419681283662";"25.87"
"102";"^E?Nneb";"1419681313449";"25.8137"
"103";"KO;z`";"1419681349915";"30.2997"
"104";"wF2G9FP7P";"1419680016178";"28.8672"
"105";"KO;z`";"1419681380662";"30.2092"
"106";"^E?Nneb";"1419681373018";"25.6307"
"107";"KO;z`";"1419681440245";"29.987"
"108";"^E?Nneb";"1419681403762";"25.6979"
"109";"KO;z`";"1419681470039";"29.7837"
"110";"KO;z`";"1419681500782";"29.6458"
"111";"^E?Nneb";"1419681433562";"25.4711"
"112";"wF2G9FP7P";"1419680046099";"29.0375"
"113";"KO;z`";"1419681530574";"29.3471"
"114";"KO;z`";"1419681560363";"29.4584"
"115";"^E?Nneb";"1419681463357";"25.4594"
"116";"KO;z`";"1419681590147";"29.38"
"117";"KO;z`";"1419681620904";"29.1737"
"118";"KO;z`";"1419681650687";"29.0729"
"119";"wF2G9FP7P";"1419680076196";"28.7169"
"120";"KO;z`";"1419681680475";"29.0097"
"121";"KO;z`";"1419681710266";"29.2823"
"122";"wF2G9FP7P";"1419680106182";"28.7079"
"123";"wF2G9FP7P";"1419680136373";"28.1869"
"124";"KO;z`";"1419681741013";"29.1572"
"125";"KO;z`";"1419681770803";"29.1952"
"126";"KO;z`";"1419681800595";"28.9194"
"127";"wF2G9FP7P";"1419680166625";"28.4646"
"128";"^E?Nneb";"1419681493136";"25.6024"
"129";"^E?Nneb";"1419681522928";"25.7056"
"130";"^E?Nneb";"1419681553671";"25.8763"
"131";"^E?Nneb";"1419681583462";"25.8501"
"132";"^E?Nneb";"1419681613249";"26.1242"
"133";"^E?Nneb";"1419681643038";"26.1063"
"134";"^E?Nneb";"1419681673784";"26.4289"
"135";"^E?Nneb";"1419681703571";"26.6433"
"136";"^E?Nneb";"1419681733365";"26.7084"
"137";"^E?Nneb";"1419681763168";"26.7997"
"138";"^E?Nneb";"1419681793899";"26.729"
"139";"^E?Nneb";"1419681823679";"26.596"
"140";"KO;z`";"1419681830390";"28.9484"
"141";"^E?Nneb";"1419681853473";"26.4833"
"142";"KO;z`";"1419681860171";"29.0848"
"143";"^E?Nneb";"1419681883264";"26.2518"
"144";"KO;z`";"1419681890943";"29.0302"
"145";"^E?Nneb";"1419681914011";"26.3049"
"146";"KO;z`";"1419681920710";"28.8241"
"147";"^E?Nneb";"1419681943780";"27.3871"
"148";"wF2G9FP7P";"1419680196195";"28.3664"
"149";"KO;z`";"1419681950498";"28.71"
"150";"^E?Nneb";"1419681973569";"28.3231"
"151";"KO;z`";"1419681980500";"28.6287"
"152";"^E?Nneb";"1419682003367";"29.1716"
"153";"KO;z`";"1419682011038";"28.8826"
"154";"^E?Nneb";"1419682034121";"30.7709"
"155";"KO;z`";"1419682040827";"28.9354"
"156";"^E?Nneb";"1419682063909";"31.6147"
"157";"wF2G9FP7P";"1419680227187";"28.3948"
"158";"KO;z`";"1419682070651";"28.909"
"159";"^E?Nneb";"1419682093695";"30.8904"
"160";"KO;z`";"1419682100404";"28.9839"
"161";"^E?Nneb";"1419682123476";"35.0146"
"162";"KO;z`";"1419682130206";"29.0059"
"163";"^E?Nneb";"1419682154231";"32.6034"
"164";"KO;z`";"1419682160943";"28.9525"
"165";"^E?Nneb";"1419682184015";"32.6684"
"166";"wF2G9FP7P";"1419680257209";"28.5946"
"167";"KO;z`";"1419682190732";"29.0241"
"168";"^E?Nneb";"1419682213806";"32.4267"
"169";"KO;z`";"1419682220530";"29.2765"
"170";"^E?Nneb";"1419682243593";"29.8936"
"171";"KO;z`";"1419682250314";"29.1779"
"172";"^E?Nneb";"1419682274401";"31.4618"
"173";"KO;z`";"1419682281058";"28.9939"
"174";"^E?Nneb";"1419682304130";"32.9445"
"175";"wF2G9FP7P";"1419680287234";"28.5327"
"176";"KO;z`";"1419682310847";"29.1106"
"177";"^E?Nneb";"1419682333917";"33.235"
"178";"KO;z`";"1419682340651";"28.9106"
"179";"^E?Nneb";"1419682363705";"33.0914"
"180";"KO;z`";"1419682370427";"29.1553"
"181";"^E?Nneb";"1419682394452";"33.0423"
"182";"wF2G9FP7P";"1419680317246";"28.4839"
"183";"KO;z`";"1419682401180";"28.9841"
"184";"^E?Nneb";"1419682424243";"29.339"
"185";"wF2G9FP7P";"1419680347263";"28.6008"
"186";"KO;z`";"1419682430971";"28.955"
"187";"wF2G9FP7P";"1419680377279";"28.4565"
"188";"wF2G9FP7P";"1419680407295";"28.4952"
"189";"^E?Nneb";"1419682454032";"32.5397"
"190";"KO;z`";"1419682460757";"28.9329"
"191";"^E?Nneb";"1419682483814";"33.2875"
"192";"wF2G9FP7P";"1419680437321";"28.3085"
"193";"KO;z`";"1419682490545";"28.8289"
"194";"^E?Nneb";"1419682514567";"31.8324"
"195";"wF2G9FP7P";"1419680467342";"28.2761"
"196";"KO;z`";"1419682520333";"28.4662"
"197";"^E?Nneb";"1419682544352";"28.7157"
"198";"wF2G9FP7P";"1419680497357";"28.32"
"199";"KO;z`";"1419682551085";"28.8156"
"200";"wF2G9FP7P";"1419680527384";"28.2428"
"201";"KO;z`";"1419682580883";"28.9047"
"202";"wF2G9FP7P";"1419680557395";"28.1073"
"203";"wF2G9FP7P";"1419680587422";"28.4562"
"204";"KO;z`";"1419682610661";"28.5275"
"205";"wF2G9FP7P";"1419680617438";"28.2097"
"206";"KO;z`";"1419682640457";"28.7198"
"207";"KO;z`";"1419682730772";"28.8924"
"208";"wF2G9FP7P";"1419680736825";"27.9265"
"209";"KO;z`";"1419685372396";"37.5737"
"210";"wF2G9FP7P";"1419685388482";"31.0864"
"211";"KO;z`";"1419685403143";"35.446"
"212";"wF2G9FP7P";"1419685418502";"30.7845"
"213";"KO;z`";"1419685432937";"33.6777"
"214";"wF2G9FP7P";"1419685448494";"31.149"
"215";"wF2G9FP7P";"1419685477552";"30.8639"
"216";"KO;z`";"1419685462721";"32.0139"
"217";"wF2G9FP7P";"1419685507558";"30.981"
"218";"KO;z`";"1419685492510";"31.5278"
"219";"wF2G9FP7P";"1419685537573";"30.7971"
"220";"KO;z`";"1419685522347";"30.5739"
"221";"wF2G9FP7P";"1419685567587";"30.9996"
"222";"KO;z`";"1419685553062";"29.607"
"223";"wF2G9FP7P";"1419685597596";"31.4875"
"224";"KO;z`";"1419685582850";"28.8044"
"225";"wF2G9FP7P";"1419685627630";"31.0281"
"226";"KO;z`";"1419685612628";"28.3216"
"227";"KO;z`";"1419685642425";"28.1163"
"228";"wF2G9FP7P";"1419685658551";"31.0125"
"229";"KO;z`";"1419685673177";"27.7595"
"230";"wF2G9FP7P";"1419685688565";"31.2232"
"231";"KO;z`";"1419685703183";"27.2077"
"232";"wF2G9FP7P";"1419685718602";"31.0772"
"233";"KO;z`";"1419685732744";"27.0712"
"234";"wF2G9FP7P";"1419685748585";"31.3231"
"235";"wF2G9FP7P";"1419685777680";"31.4123"
"236";"KO;z`";"1419685762541";"26.5025"
"237";"wF2G9FP7P";"1419685807687";"31.4303"
"238";"KO;z`";"1419685793283";"26.7204"
"239";"wF2G9FP7P";"1419685837661";"31.1851"
"240";"KO;z`";"1419685823072";"26.6935"
"241";"wF2G9FP7P";"1419685867672";"30.8359"
"242";"KO;z`";"1419685852886";"26.4783"
"243";"KO;z`";"1419685882656";"26.4246"
"244";"KO;z`";"1419685913398";"26.3861"
"245";"wF2G9FP7P";"1419685897679";"31.0509"
"246";"wF2G9FP7P";"1419685927690";"30.6534"
"247";"wF2G9FP7P";"1419685957702";"30.8315"
"248";"KO;z`";"1419685943188";"26.1661"
"249";"wF2G9FP7P";"1419685987714";"30.5457"
"250";"KO;z`";"1419685972981";"26.3544"
"251";"wF2G9FP7P";"1419686017733";"30.5451"
"252";"KO;z`";"1419686002769";"25.7824"
"253";"wF2G9FP7P";"1419686047748";"30.7215"
"254";"KO;z`";"1419686033518";"25.9048"
"255";"wF2G9FP7P";"1419686077754";"30.4635"
"256";"KO;z`";"1419686063303";"25.8472"
"257";"wF2G9FP7P";"1419686107767";"30.436"
"258";"KO;z`";"1419686093093";"26.1097"
"259";"wF2G9FP7P";"1419686137778";"30.8455"
"260";"KO;z`";"1419686122923";"26.0985"
"261";"wF2G9FP7P";"1419686167791";"30.902"
"262";"KO;z`";"1419686152669";"26.1134"
"263";"KO;z`";"1419686183418";"26.4923"
"264";"wF2G9FP7P";"1419686198753";"30.4523"
"265";"KO;z`";"1419686213209";"26.2399"
"266";"wF2G9FP7P";"1419686228828";"30.2771"
"267";"wF2G9FP7P";"1419686257824";"30.6111"
"268";"KO;z`";"1419686242998";"26.2714"
"269";"wF2G9FP7P";"1419686287818";"30.1747"
"270";"KO;z`";"1419686272785";"26.584"
"271";"wF2G9FP7P";"1419686317828";"30.0752"
"272";"KO;z`";"1419686303538";"26.7484"
"273";"wF2G9FP7P";"1419686347839";"30.173"
"274";"KO;z`";"1419686333326";"26.4137"
"275";"wF2G9FP7P";"1419686377850";"30.6125"
"276";"KO;z`";"1419686363114";"26.4818"
"277";"KO;z`";"1419686392905";"26.4055"
"278";"KO;z`";"1419686423653";"26.0259"
"279";"wF2G9FP7P";"1419686407862";"30.5768"
"280";"wF2G9FP7P";"1419686437885";"30.0766"
"281";"wF2G9FP7P";"1419686467897";"29.9176"
"282";"KO;z`";"1419686453436";"26.0533"
"283";"wF2G9FP7P";"1419686497910";"29.7166"
"284";"KO;z`";"1419686483226";"26.0566"
"285";"wF2G9FP7P";"1419686527920";"29.2451"
"286";"KO;z`";"1419686513021";"25.7655"
"287";"wF2G9FP7P";"1419686557932";"29.5766"
"288";"KO;z`";"1419686543763";"25.5746"
"289";"wF2G9FP7P";"1419686587943";"29.5228"
"290";"KO;z`";"1419686573547";"25.5283"
"291";"wF2G9FP7P";"1419686617967";"29.7929"
"292";"KO;z`";"1419686603342";"25.3276"
"293";"wF2G9FP7P";"1419686647980";"29.9024"
"294";"KO;z`";"1419686633129";"25.4355"
"295";"wF2G9FP7P";"1419686677995";"30.6797"
"296";"KO;z`";"1419686663913";"25.3059"
"297";"wF2G9FP7P";"1419686708008";"30.3715"
"298";"KO;z`";"1419686693668";"25.3175"
"299";"wF2G9FP7P";"1419686738016";"30.3945"
"300";"KO;z`";"1419686723457";"25.2701"
"301";"wF2G9FP7P";"1419686768044";"30.1452"
"302";"KO;z`";"1419686753245";"25.0222"
"303";"wF2G9FP7P";"1419686798064";"29.6686"
"304";"KO;z`";"1419686783996";"25.0058"
"305";"wF2G9FP7P";"1419686828072";"29.8176"
"306";"KO;z`";"1419686813784";"24.8593"
"307";"wF2G9FP7P";"1419686858077";"29.9373"
"308";"KO;z`";"1419686843574";"24.8439"
"309";"wF2G9FP7P";"1419686888099";"30.5909"
"310";"KO;z`";"1419686873364";"24.5086"
"311";"wF2G9FP7P";"1419686918110";"29.8375"
"312";"KO;z`";"1419686904122";"24.4465"
"313";"wF2G9FP7P";"1419686948111";"29.834"
"314";"KO;z`";"1419686933893";"24.1999"
"315";"wF2G9FP7P";"1419686979057";"30.1518"
"316";"KO;z`";"1419686963697";"24.0698"
"317";"wF2G9FP7P";"1419687009083";"30.3474"
"318";"KO;z`";"1419686993487";"24.4166"
"319";"wF2G9FP7P";"1419687039093";"30.1132"
"320";"KO;z`";"1419687024228";"24.0299"
"321";"wF2G9FP7P";"1419687068117";"30.1214"
"322";"KO;z`";"1419687054016";"24.2175"
"323";"wF2G9FP7P";"1419687099111";"30.2198"
"324";"KO;z`";"1419687083809";"24.2121"
"325";"wF2G9FP7P";"1419687129117";"29.886"
"326";"KO;z`";"1419687113596";"23.5629"
"327";"^E?Nneb";"1419682574130";"29.344"
"328";"wF2G9FP7P";"1419687159134";"30.1683"
"329";"^E?Nneb";"1419687185749";"22.4288"
"330";"KO;z`";"1419687144346";"24.0808"
"331";"wF2G9FP7P";"1419687189145";"29.6322"
"332";"^E?Nneb";"1419687215528";"26.7576"
"333";"KO;z`";"1419687174135";"23.7131"
"334";"wF2G9FP7P";"1419687219156";"29.6534"
"335";"KO;z`";"1419687203924";"24.1282"
"336";"wF2G9FP7P";"1419687249162";"29.6759"
"337";"KO;z`";"1419687233707";"24.1926"
"338";"wF2G9FP7P";"1419687279171";"29.6993"
"339";"KO;z`";"1419687264457";"24.0536"
"340";"^E?Nneb";"1419687275121";"28.278"
"341";"^E?Nneb";"1419687305858";"26.6334"
"342";"wF2G9FP7P";"1419687309175";"29.7859"
"343";"KO;z`";"1419687294246";"23.9715"
"344";"^E?Nneb";"1419687335642";"26.1425"
"345";"wF2G9FP7P";"1419687339195";"30.2145"
"346";"KO;z`";"1419687324040";"23.8646"
"347";"^E?Nneb";"1419687365432";"25.048"
"348";"wF2G9FP7P";"1419687369197";"29.6998"
"349";"^E?Nneb";"1419687395235";"25.4469"
"350";"KO;z`";"1419687353846";"23.6968"
"351";"wF2G9FP7P";"1419687399227";"29.7965"
"352";"^E?Nneb";"1419687425962";"24.8595"
"353";"KO;z`";"1419687384575";"23.933"
"354";"wF2G9FP7P";"1419687429241";"30.0626"
"355";"^E?Nneb";"1419687455753";"24.9144"
"356";"KO;z`";"1419687414357";"23.8332"
"357";"wF2G9FP7P";"1419687459229";"29.814"
"358";"^E?Nneb";"1419687485559";"26.3953"
"359";"KO;z`";"1419687444151";"23.8926"
"360";"wF2G9FP7P";"1419687489237";"30.3714"
"361";"^E?Nneb";"1419687515328";"25.1738"
"362";"KO;z`";"1419687473943";"24.1377"
"363";"^E?Nneb";"1419687545128";"24.8113"
"364";"wF2G9FP7P";"1419687518310";"33.457"
"365";"KO;z`";"1419687504692";"24.2732"
"366";"wF2G9FP7P";"1419687548334";"34.7563"
"367";"^E?Nneb";"1419687575864";"24.2416"
"368";"KO;z`";"1419687534477";"24.0431"
"369";"wF2G9FP7P";"1419687578342";"33.3812"
"370";"^E?Nneb";"1419687605653";"24.0397"
"371";"KO;z`";"1419687564278";"24.0542"
"372";"wF2G9FP7P";"1419687608303";"32.0977"
"373";"^E?Nneb";"1419687635450";"23.9771"
"374";"KO;z`";"1419687594061";"24.1321"
"375";"^E?Nneb";"1419687665238";"23.9498"
"376";"wF2G9FP7P";"1419687638365";"32.3265"
"377";"KO;z`";"1419687624827";"24.0719"
"378";"wF2G9FP7P";"1419687668365";"31.5364"
"379";"^E?Nneb";"1419687695978";"25.4372"
"380";"KO;z`";"1419687654591";"35.1562"
"381";"wF2G9FP7P";"1419687698372";"34.0582"
"382";"^E?Nneb";"1419687725761";"25.4324"
"383";"KO;z`";"1419687684390";"39.4736"
"384";"wF2G9FP7P";"1419687729319";"32.2509"
"385";"^E?Nneb";"1419687755566";"26.123"
"386";"KO;z`";"1419687714206";"38.4151"
"387";"^E?Nneb";"1419687785340";"25.9059"
"388";"wF2G9FP7P";"1419687759332";"31.1467"
"389";"KO;z`";"1419687744923";"37.1101"
"390";"wF2G9FP7P";"1419687788361";"31.2242"
"391";"^E?Nneb";"1419687816090";"26.6549"
"392";"KO;z`";"1419687774732";"41.6962"
"393";"wF2G9FP7P";"1419687818374";"31.4145"
"394";"^E?Nneb";"1419687845888";"26.2317"
"395";"KO;z`";"1419687804496";"45.182"
"396";"wF2G9FP7P";"1419687848392";"31.0386"
"397";"^E?Nneb";"1419687875659";"26.4821"
"398";"KO;z`";"1419687834287";"43.7656"
"399";"^E?Nneb";"1419687905452";"26.7512"
"400";"wF2G9FP7P";"1419687878406";"30.9358"
"401";"KO;z`";"1419687865036";"44.2833"
"402";"^E?Nneb";"1419687935251";"26.9741"
"403";"wF2G9FP7P";"1419687908412";"30.9292"
"404";"KO;z`";"1419687894832";"45.2869"
"405";"wF2G9FP7P";"1419687938430";"30.1607"
"406";"^E?Nneb";"1419687965997";"26.2567"
"407";"KO;z`";"1419687924619";"46.7414"
"408";"wF2G9FP7P";"1419687968448";"30.5549"
"409";"^E?Nneb";"1419687995775";"25.8612"
"410";"KO;z`";"1419687954406";"48.5958"
"411";"wF2G9FP7P";"1419687998467";"30.1453"
"412";"KO;z`";"1419687984196";"51.9613"
"413";"^E?Nneb";"1419688025569";"25.4309"
"414";"wF2G9FP7P";"1419688028470";"29.8318"
"415";"^E?Nneb";"1419688055354";"25.6401"
"416";"KO;z`";"1419688014952";"53.3163"
"417";"wF2G9FP7P";"1419688058486";"29.2946"
"418";"^E?Nneb";"1419688086097";"25.5094"
"419";"KO;z`";"1419688044737";"50.5232"
"420";"wF2G9FP7P";"1419688088506";"29.72"
"421";"^E?Nneb";"1419688115886";"24.7404"
"422";"KO;z`";"1419688074524";"48.7494"
"423";"^E?Nneb";"1419688145687";"24.8288"
"424";"wF2G9FP7P";"1419688118528";"29.6979"
"425";"KO;z`";"1419688104316";"49.9013"
"426";"^E?Nneb";"1419688175463";"24.5561"
"427";"wF2G9FP7P";"1419688148552";"29.0074"
"428";"KO;z`";"1419688135066";"46.9734"
"429";"^E?Nneb";"1419688205266";"25.0289"
"430";"wF2G9FP7P";"1419688179462";"29.3129"
"431";"KO;z`";"1419688164856";"43.3711"
"432";"wF2G9FP7P";"1419688208519";"33.3587"
"433";"^E?Nneb";"1419688235998";"24.4006"
"434";"KO;z`";"1419688194645";"40.6492"
"435";"^E?Nneb";"1419688265785";"24.5016"
"436";"wF2G9FP7P";"1419688238556";"31.4818"
"437";"KO;z`";"1419688224446";"38.7191"
"438";"^E?Nneb";"1419688295582";"23.7729"
"439";"wF2G9FP7P";"1419688268563";"30.8782"
"440";"KO;z`";"1419688255184";"37.3166"
"441";"^E?Nneb";"1419688325363";"23.6329"
"442";"wF2G9FP7P";"1419688298572";"30.4144"
"443";"KO;z`";"1419688284998";"36.6604"
"444";"wF2G9FP7P";"1419688328550";"30.0998"
"445";"^E?Nneb";"1419688356122";"23.6389"
"446";"KO;z`";"1419688314763";"35.8339"
"447";"^E?Nneb";"1419688385910";"23.2627"
"448";"wF2G9FP7P";"1419688358569";"29.6454"
"449";"KO;z`";"1419688344558";"35.3154"
"450";"^E?Nneb";"1419688415686";"23.4201"
"451";"wF2G9FP7P";"1419688388572";"28.9926"
"452";"KO;z`";"1419688375295";"34.0576"
"453";"^E?Nneb";"1419688445471";"23.2818"
"454";"KO;z`";"1419688405091";"34.0098"
"455";"wF2G9FP7P";"1419688448609";"29.5748"
"456";"wF2G9FP7P";"1419688418584";"29.6423"
"457";"^E?Nneb";"1419688476223";"23.1567"
"458";"KO;z`";"1419688434874";"32.9157"
"459";"^E?Nneb";"1419688505802";"22.8892"
"460";"wF2G9FP7P";"1419688478630";"29.4251"
"461";"KO;z`";"1419688464670";"32.86"
"462";"^E?Nneb";"1419688535578";"23.0238"
"463";"wF2G9FP7P";"1419688508630";"29.0918"
"464";"KO;z`";"1419688495414";"31.4331"
"465";"^E?Nneb";"1419688565365";"22.9029"
"466";"wF2G9FP7P";"1419688538642";"29.4387"
"467";"KO;z`";"1419688525686";"31.4607"
"468";"^E?Nneb";"1419688595161";"23.2951"
"469";"wF2G9FP7P";"1419688568661";"30.1085"
"470";"KO;z`";"1419688555000";"30.4869"
"471";"^E?Nneb";"1419688625910";"23.2836"
"472";"wF2G9FP7P";"1419688598664";"29.5692"
"473";"KO;z`";"1419688584803";"30.4418"
"474";"^E?Nneb";"1419688655692";"23.9564"
"475";"wF2G9FP7P";"1419688628704";"29.8086"
"476";"wF2G9FP7P";"1419688688712";"29.4148"
"477";"KO;z`";"1419688645328";"30.3581"
"478";"^E?Nneb";"1419688746010";"24.4133"
"479";"wF2G9FP7P";"1419688718724";"30.0287"
"480";"KO;z`";"1419688675116";"30.7942"
"481";"^E?Nneb";"1419688775804";"24.0758"
"482";"wF2G9FP7P";"1419688749657";"29.2345"
"483";"KO;z`";"1419688705867";"33.2295"
"484";"^E?Nneb";"1419688805597";"24.9621"
"485";"wF2G9FP7P";"1419688779668";"29.5302"
"486";"KO;z`";"1419688735654";"33.0025"
"487";"^E?Nneb";"1419688866124";"26.7099"
"488";"KO;z`";"1419688825022";"32.9092"
"489";"^E?Nneb";"1419688895917";"25.6515"
"490";"^E?Nneb";"1419688835375";"25.7291"
"491";"wF2G9FP7P";"1419688839695";"29.8731"
"492";"wF2G9FP7P";"1419688869701";"30.0686"
"493";"^E?Nneb";"1419688925701";"24.1088"
"494";"^E?Nneb";"1419688985281";"24.3521"
"495";"KO;z`";"1419688885553";"31.6395"
"496";"wF2G9FP7P";"1419688959721";"28.7949"
"497";"KO;z`";"1419688915344";"31.0625"
"498";"wF2G9FP7P";"1419688988809";"28.8785"
"499";"wF2G9FP7P";"1419689018820";"29.1848"
"500";"KO;z`";"1419688975885";"31.2472"
"501";"KO;z`";"1419689005676";"30.5885"
"502";"wF2G9FP7P";"1419689048831";"29.5104"
"503";"KO;z`";"1419689035460";"30.3631"
"504";"^E?Nneb";"1419689105394";"23.602"
"505";"^E?Nneb";"1419689045809";"24.0984"
"506";"^E?Nneb";"1419689075596";"24.0208"
"507";"wF2G9FP7P";"1419689079805";"29.4595"
"508";"KO;z`";"1419689065265";"30.0005"
"509";"^E?Nneb";"1419689136134";"23.1333"
"510";"wF2G9FP7P";"1419689108835";"29.3093"
"511";"KO;z`";"1419689096001";"30.0773"
"512";"^E?Nneb";"1419689165924";"22.985"
"513";"wF2G9FP7P";"1419689138848";"29.6772"
"514";"KO;z`";"1419689275695";"29.5388"
"515";"^E?Nneb";"1419689315826";"23.1202"
"516";"KO;z`";"1419689305483";"29.4315"
"517";"wF2G9FP7P";"1419689319871";"28.0039"
"518";"^E?Nneb";"1419689345605";"22.9622"
"519";"KO;z`";"1419689335283";"29.0066"
"520";"wF2G9FP7P";"1419689349882";"27.3918"
"521";"^E?Nneb";"1419689375412";"23.517"
"522";"KO;z`";"1419689366022";"29.1899"
"523";"^E?Nneb";"1419689406146";"23.2528"
"524";"wF2G9FP7P";"1419689379892";"26.8093"
"525";"wF2G9FP7P";"1419689408190";"26.8488"
"526";"KO;z`";"1419689395812";"29.2372"
"527";"^E?Nneb";"1419689435929";"22.8404"
"528";"wF2G9FP7P";"1419689438156";"26.1196"
"529";"KO;z`";"1419689425598";"30.9312"
"530";"^E?Nneb";"1419689465720";"22.9188"
"531";"^E?Nneb";"1419689495505";"22.5477"
"532";"KO;z`";"1419689455402";"37.0913"
"533";"wF2G9FP7P";"1419689468207";"25.8848"
"534";"^E?Nneb";"1419689526256";"24.1481"
"535";"wF2G9FP7P";"1419689498218";"25.9851"
"536";"KO;z`";"1419689486137";"39.7316"
"537";"KO;z`";"1419689515925";"38.206"
"538";"wF2G9FP7P";"1419689528240";"25.8549"
"539";"KO;z`";"1419689545713";"37.6295"
"540";"wF2G9FP7P";"1419689558239";"25.9509"
"541";"^E?Nneb";"1419689556040";"23.9568"
"542";"wF2G9FP7P";"1419689588256";"25.577"
"543";"KO;z`";"1419689575500";"36.2351"
"544";"^E?Nneb";"1419689585842";"23.2262"
"545";"wF2G9FP7P";"1419689618240";"25.1658"
"546";"KO;z`";"1419689606259";"38.5343"
"547";"^E?Nneb";"1419689615630";"22.8718"
"548";"^E?Nneb";"1419689646366";"22.4569"
"549";"wF2G9FP7P";"1419689648246";"24.518"
"550";"KO;z`";"1419689636045";"40.6975"
"551";"^E?Nneb";"1419689676158";"22.1764"
"552";"wF2G9FP7P";"1419689679239";"24.3474"
"553";"KO;z`";"1419689665835";"41.3214"
"554";"^E?Nneb";"1419689705938";"22.1214"
"555";"wF2G9FP7P";"1419689708275";"25.6955"
"556";"^E?Nneb";"1419689735742";"22.23"
"557";"KO;z`";"1419689696583";"46.0923"
"558";"^E?Nneb";"1419689766490";"21.6235"
"559";"wF2G9FP7P";"1419689739261";"26.4625"
"560";"KO;z`";"1419689726375";"47.1659"
"561";"%%KD&rD";"1419689744696";"39.77"
"562";"^E?Nneb";"1419689796274";"20.6682"
"563";"wF2G9FP7P";"1419689769272";"26.0636"
"564";"KO;z`";"1419689756164";"45.0119"
"565";"%%KD&rD";"1419689774484";"37.95"
"566";"^E?Nneb";"1419689826074";"20.1498"
"567";"wF2G9FP7P";"1419689798328";"25.3371"
"568";"KO;z`";"1419689785967";"43.4469"
"569";"%%KD&rD";"1419689804280";"35"
"570";"^E?Nneb";"1419689855862";"19.9307"
"571";"wF2G9FP7P";"1419689828366";"25.5599"
"572";"%%KD&rD";"1419689834093";"33.46"
"573";"KO;z`";"1419689816705";"41.718"
"574";"^E?Nneb";"1419689886599";"19.2659"
"575";"wF2G9FP7P";"1419689858376";"25.5592"
"576";"KO;z`";"1419689846495";"40.4304"
"577";"%%KD&rD";"1419689864809";"34.69"
"578";"KO;z`";"1419689876288";"39.9592"
"579";"wF2G9FP7P";"1419689888350";"25.6743"
"580";"%%KD&rD";"1419689894606";"33.54"
"581";"^E?Nneb";"1419689916390";"19.4457"
"582";"wF2G9FP7P";"1419689918401";"26.1261"
"583";"KO;z`";"1419689906072";"39.9182"
"584";"%%KD&rD";"1419689924390";"32.35"
"585";"wF2G9FP7P";"1419689948415";"26.8286"
"586";"%%KD&rD";"1419689954189";"31.52"
"587";"KO;z`";"1419689936819";"39.3552"
"588";"wF2G9FP7P";"1419689978424";"27.0586"
"589";"KO;z`";"1419689966606";"41.0864"
"590";"%%KD&rD";"1419689984927";"30.79"
"591";"^E?Nneb";"1419689946184";"19.5291"
"592";"wF2G9FP7P";"1419690008432";"25.6879"
"593";"%%KD&rD";"1419690014717";"30.21"
"594";"KO;z`";"1419689997400";"43.0665"
"595";"^E?Nneb";"1419689975968";"19.7416"
"596";"wF2G9FP7P";"1419690038433";"28.8391"
"597";"%%KD&rD";"1419690044508";"29.84"
"598";"KO;z`";"1419690027149";"47.9856"
"599";"wF2G9FP7P";"1419690068453";"28.7417"
"600";"%%KD&rD";"1419690074294";"29.47"
"601";"KO;z`";"1419690056942";"48.95"
"602";"^E?Nneb";"1419690005751";"19.6662"
"603";"wF2G9FP7P";"1419690098418";"28.6691"
"604";"wF2G9FP7P";"1419690248493";"29.4748"
"605";"^E?Nneb";"1419690125877";"19.4504"
"606";"^E?Nneb";"1419690156613";"19.6912"
"607";"wF2G9FP7P";"1419690278516";"29.0135"
"608";"%%KD&rD";"1419690284734";"27.92"
"609";"KO;z`";"1419690267389";"41.2195"
"610";"^E?Nneb";"1419690186404";"19.2178"
"611";"wF2G9FP7P";"1419690309444";"29.4904"
"612";"KO;z`";"1419690297196";"39.2402"
"613";"%%KD&rD";"1419690314532";"27.54"
"614";"%%KD&rD";"1419690345273";"27.49"
"615";"KO;z`";"1419690327926";"38.0523"
"616";"wF2G9FP7P";"1419690369467";"29.6707"
"617";"%%KD&rD";"1419690375064";"27.34"
"618";"KO;z`";"1419690357716";"37.6039"
"619";"^E?Nneb";"1419690216188";"19.2441"
"620";"wF2G9FP7P";"1419690399478";"29.4764"
"621";"%%KD&rD";"1419690404861";"27.23"
"622";"KO;z`";"1419690417404";"37.4561"
"623";"%%KD&rD";"1419690434645";"26.94"
"624";"wF2G9FP7P";"1419690429489";"29.6142"
"625";"wF2G9FP7P";"1419690459504";"28.7813"
"626";"%%KD&rD";"1419690465389";"26.89"
"627";"KO;z`";"1419690448043";"37.2081"
"628";"^E?Nneb";"1419690245996";"19.0398"
"629";"wF2G9FP7P";"1419690489525";"29.4287"
"630";"%%KD&rD";"1419690495179";"26.86"
"631";"KO;z`";"1419690477829";"38.7609"
"632";"KO;z`";"1419690387503";"38.3929"
"633";"wF2G9FP7P";"1419690519536";"28.9451"
"634";"KO;z`";"1419690507617";"38.8091"
"635";"%%KD&rD";"1419690524967";"27.29"
"636";"^E?Nneb";"1419690276724";"18.9509"
"637";"wF2G9FP7P";"1419690549548";"29.4217"
"638";"KO;z`";"1419690537420";"38.4866"
"639";"%%KD&rD";"1419690554760";"27.62"
"640";"%%KD&rD";"1419690584554";"28.68"
"641";"wF2G9FP7P";"1419690579559";"28.8481"
"642";"KO;z`";"1419690568163";"38.1342"
"643";"^E?Nneb";"1419690305287";"18.9163"
"644";"wF2G9FP7P";"1419690609545";"28.9537"
"645";"KO;z`";"1419690597947";"39.0787"
"646";"wF2G9FP7P";"1419690639552";"29.771"
"647";"KO;z`";"1419690627738";"38.4419"
"648";"wF2G9FP7P";"1419690669558";"29.5695"
"649";"KO;z`";"1419690657596";"37.9287"
"650";"%%KD&rD";"1419690615300";"28.02"
"651";"^E?Nneb";"1419690335069";"18.5866"
"652";"^E?Nneb";"1419690364873";"18.6634"
"653";"%%KD&rD";"1419690645089";"27.12"
"654";"wF2G9FP7P";"1419690699574";"28.7561"
"655";"KO;z`";"1419690688280";"37.3291"
"656";"^E?Nneb";"1419690395606";"18.8094"
"657";"%%KD&rD";"1419690674876";"26.45"
"658";"wF2G9FP7P";"1419690729580";"28.9094"
"659";"%%KD&rD";"1419690704682";"26.34"
"660";"KO;z`";"1419690718063";"36.1542"
"661";"%%KD&rD";"1419690735415";"26.02"
"662";"wF2G9FP7P";"1419690759587";"28.8014"
"663";"KO;z`";"1419690747852";"36.3421"
"664";"^E?Nneb";"1419690803976";"24.9178"
"665";"%%KD&rD";"1419690765209";"26.08"
"666";"wF2G9FP7P";"1419690789603";"28.8264"
"667";"KO;z`";"1419690777646";"36.3279"
"668";"%%KD&rD";"1419690794989";"25.99"
"669";"^E?Nneb";"1419690833775";"24.7076"
"670";"%%KD&rD";"1419690824786";"25.82"
"671";"wF2G9FP7P";"1419690819609";"28.6075"
"672";"KO;z`";"1419690808400";"35.8144"
"673";"^E?Nneb";"1419690863552";"23.6474"
"674";"wF2G9FP7P";"1419690849615";"28.9904"
"675";"%%KD&rD";"1419690855528";"25.29"
"676";"KO;z`";"1419690838187";"35.6529"
"677";"^E?Nneb";"1419690894312";"24.667"
"678";"wF2G9FP7P";"1419690879631";"28.282"
"679";"KO;z`";"1419690867975";"35.4443"
"680";"%%KD&rD";"1419690885319";"24.64"
"681";"^E?Nneb";"1419690924097";"26.0242"
"682";"wF2G9FP7P";"1419690909637";"28.2658"
"683";"%%KD&rD";"1419690915110";"23.98"
"684";"KO;z`";"1419690898207";"35.6081"
"685";"^E?Nneb";"1419690953875";"24.8679"
"686";"wF2G9FP7P";"1419690939643";"28.4763"
"687";"%%KD&rD";"1419690944895";"23.73"
"688";"^E?Nneb";"1419690983680";"24.3789"
"689";"KO;z`";"1419690928512";"36.1188"
"690";"wF2G9FP7P";"1419690969649";"28.0676"
"691";"%%KD&rD";"1419690975648";"23.92"
"692";"KO;z`";"1419690958300";"36.1884"
"693";"wF2G9FP7P";"1419690999656";"28.1091"
"694";"^E?Nneb";"1419691014420";"24.4686"
"695";"%%KD&rD";"1419691005434";"24.03"
"696";"KO;z`";"1419690988096";"35.9222"
"697";"^E?Nneb";"1419691044205";"24.5263"
"698";"wF2G9FP7P";"1419691029674";"28.6218"
"699";"KO;z`";"1419691017897";"34.7862"
"700";"%%KD&rD";"1419691035220";"23.96"
"701";"^E?Nneb";"1419691073986";"24.7374"
"702";"%%KD&rD";"1419691065025";"23.92"
"703";"wF2G9FP7P";"1419691059680";"28.0485"
"704";"KO;z`";"1419691048636";"35.3416"
"705";"^E?Nneb";"1419691164315";"24.9163"
"706";"KO;z`";"1419691138001";"34.2846"
"707";"wF2G9FP7P";"1419691149706";"27.9276"
"708";"%%KD&rD";"1419691155338";"23.9"
"709";"^E?Nneb";"1419691194107";"25.7851"
"710";"%%KD&rD";"1419691185128";"24.01"
"711";"wF2G9FP7P";"1419691179712";"28.0058"
"712";"^E?Nneb";"1419691223886";"27.1852"
"713";"wF2G9FP7P";"1419691209728";"27.9839"
"714";"KO;z`";"1419691198537";"34.6604"
"715";"KO;z`";"1419691168754";"34.622"
"716";"%%KD&rD";"1419691215882";"23.97"
"717";"^E?Nneb";"1419691253687";"25.1753"
"718";"wF2G9FP7P";"1419691239734";"28.5575"
"719";"KO;z`";"1419691228323";"34.3543"
"720";"%%KD&rD";"1419691245666";"22.71"
"721";"wF2G9FP7P";"1419691269750";"27.8707"
"722";"%%KD&rD";"1419691275467";"22.53"
"723";"KO;z`";"1419691258145";"31.8125"
"724";"wF2G9FP7P";"1419691299793";"28.2095"
"725";"%%KD&rD";"1419691305242";"22.15"
"726";"KO;z`";"1419691288859";"33.3662"
"727";"^E?Nneb";"1419691284425";"24.8436"
"728";"wF2G9FP7P";"1419691329774";"28.2603"
"729";"KO;z`";"1419691318656";"33.9244"
"730";"%%KD&rD";"1419691336000";"22.01"
"731";"^E?Nneb";"1419691314210";"24.9744"
"732";"wF2G9FP7P";"1419691359790";"28.1341"
"733";"KO;z`";"1419691348444";"34.0163"
"734";"^E?Nneb";"1419691344010";"24.6235"
"735";"^E?Nneb";"1419691373783";"26.2478"
"736";"wF2G9FP7P";"1419691389806";"28.038"
"737";"KO;z`";"1419691378271";"33.9735"
"738";"^E?Nneb";"1419691404545";"24.9549"
"739";"wF2G9FP7P";"1419691419811";"27.8702"
"740";"KO;z`";"1419691408983";"33.9873"
"741";"^E?Nneb";"1419691434319";"25.6503"
"742";"^E?Nneb";"1419691464108";"25.6798"
"743";"wF2G9FP7P";"1419691449827";"28.5648"
"744";"KO;z`";"1419691438773";"33.8157"
"745";"^E?Nneb";"1419691493904";"25.097"
"746";"wF2G9FP7P";"1419691479834";"28.1996"
"747";"KO;z`";"1419691468563";"33.3526"
"748";"^E?Nneb";"1419691523687";"25.5074"
"749";"wF2G9FP7P";"1419691509850";"27.7677"
"750";"KO;z`";"1419691498350";"33.6782"
"751";"^E?Nneb";"1419691554440";"24.9994"
"752";"wF2G9FP7P";"1419691539856";"27.9987"
"753";"KO;z`";"1419691529102";"37.6924"
"754";"^E?Nneb";"1419691584221";"25.3179"
"755";"wF2G9FP7P";"1419691569881";"28.4978"
"756";"^E?Nneb";"1419691614017";"25.5941"
"757";"KO;z`";"1419691558893";"42.1523"
"758";"wF2G9FP7P";"1419691599891";"28.3199"
"759";"^E?Nneb";"1419691643814";"24.8677"
"760";"KO;z`";"1419691588681";"42.6133"
"761";"wF2G9FP7P";"1419691629904";"27.52"
"762";"KO;z`";"1419691618552";"43.8368"
"763";"^E?Nneb";"1419691674541";"25.0062"
"764";"wF2G9FP7P";"1419691659910";"27.8866"
"765";"KO;z`";"1419691649241";"47.6092"
"766";"wF2G9FP7P";"1419691689927";"27.5426"
"767";"KO;z`";"1419691679014";"51.2715"
"768";"^E?Nneb";"1419691704350";"25.3371"
"769";"wF2G9FP7P";"1419691719933";"27.393"
"770";"KO;z`";"1419691708799";"58.1459"
"771";"^E?Nneb";"1419691734117";"25.4197"
"772";"^E?Nneb";"1419691763921";"26.1168"
"773";"wF2G9FP7P";"1419691749949";"27.6487"
"774";"KO;z`";"1419691738606";"61.3695"
"775";"^E?Nneb";"1419691793709";"24.9336"
"776";"wF2G9FP7P";"1419691779965";"27.9404"
"777";"KO;z`";"1419691769341";"59.7061"
"778";"^E?Nneb";"1419691824442";"25.5741"
"779";"wF2G9FP7P";"1419691809972";"27.9102"
"780";"KO;z`";"1419691799338";"56.3969"
"781";"wF2G9FP7P";"1419691839978";"28.0923"
"782";"KO;z`";"1419691828922";"51.8507"
"783";"wF2G9FP7P";"1419691869994";"27.9699"
"784";"KO;z`";"1419691858714";"47.6165"
"785";"wF2G9FP7P";"1419691900009";"27.4555"
"786";"KO;z`";"1419691889495";"45.551"
"787";"wF2G9FP7P";"1419691930015";"27.9195"
"788";"KO;z`";"1419691919246";"43.6281"
"789";"wF2G9FP7P";"1419691960032";"28.253"
"790";"KO;z`";"1419691949042";"41.7813"
"791";"wF2G9FP7P";"1419691990048";"27.6488"
"792";"KO;z`";"1419691978824";"40.5114"
"793";"wF2G9FP7P";"1419692020054";"28.1148"
"794";"KO;z`";"1419692009580";"39.3971"
"795";"wF2G9FP7P";"1419692050070";"28.2034"
"796";"KO;z`";"1419692039438";"38.566"
"797";"wF2G9FP7P";"1419692080086";"28.0732"
"798";"KO;z`";"1419692070117";"37.3423"
"799";"wF2G9FP7P";"1419692110098";"28.1622"
"800";"KO;z`";"1419692099924";"37.3037"
"801";"wF2G9FP7P";"1419692140108";"28.4415"
"802";"KO;z`";"1419692129695";"36.7583"
"803";"wF2G9FP7P";"1419692170115";"28.2517"
"804";"KO;z`";"1419692159483";"36.3352"
"805";"wF2G9FP7P";"1419692200131";"28.0596"
"806";"KO;z`";"1419692190235";"36.1984"
"807";"wF2G9FP7P";"1419692230148";"28.1362"
"808";"KO;z`";"1419692220015";"35.4705"
"809";"wF2G9FP7P";"1419692260157";"28.0773"
"810";"KO;z`";"1419692249810";"35.6965"
"811";"wF2G9FP7P";"1419692290172";"28.4497"
"812";"KO;z`";"1419692279604";"35.3105"
"813";"wF2G9FP7P";"1419692320176";"28.0132"
"814";"KO;z`";"1419692310347";"35.3573"
"815";"wF2G9FP7P";"1419692350192";"28.2547"
"816";"KO;z`";"1419692340134";"35.5164"
"817";"wF2G9FP7P";"1419692380209";"28.1403"
"818";"KO;z`";"1419692369941";"37.1171"
"819";"wF2G9FP7P";"1419692410214";"27.9018"
"820";"KO;z`";"1419692399712";"37.76"
"821";"wF2G9FP7P";"1419692440230";"27.7694"
"822";"KO;z`";"1419692430466";"37.8236"
"823";"wF2G9FP7P";"1419692470236";"27.7951"
"824";"KO;z`";"1419692460254";"36.6544"
"825";"wF2G9FP7P";"1419692500243";"28.5338"
"826";"KO;z`";"1419692490039";"37.503"
"827";"wF2G9FP7P";"1419692530259";"28.0684"
"828";"KO;z`";"1419692519844";"38.8787"
"829";"wF2G9FP7P";"1419692560265";"28.3097"
"830";"KO;z`";"1419692549631";"40.905"
"831";"wF2G9FP7P";"1419692590281";"28.0122"
"832";"KO;z`";"1419692580373";"38.956"
"833";"wF2G9FP7P";"1419692620288";"27.7525"
"834";"KO;z`";"1419692610162";"37.7238"
"835";"wF2G9FP7P";"1419692650293";"28.3767"
"836";"KO;z`";"1419692639954";"37.1398"
"837";"wF2G9FP7P";"1419692680312";"28.714"
"838";"KO;z`";"1419692669750";"36.6667"
"839";"wF2G9FP7P";"1419692710316";"27.9013"
"840";"KO;z`";"1419692700494";"36.6468"
"841";"^E?Nneb";"1419691854239";"25.3178"
"842";"^E?Nneb";"1419691884029";"25.0362"
"843";"^E?Nneb";"1419691913807";"25.5138"
"844";"^E?Nneb";"1419691944553";"25.4182"
"845";"^E?Nneb";"1419691974351";"27.5126"
"846";"^E?Nneb";"1419692004136";"27.5169"
"847";"^E?Nneb";"1419692033915";"26.8252"
"848";"^E?Nneb";"1419692064677";"28.6002"
"849";"^E?Nneb";"1419692094449";"27.4921"
"850";"^E?Nneb";"1419692122597";"28.8047"
"851";"^E?Nneb";"1419692152405";"29.7401"
"852";"^E?Nneb";"1419692182180";"29.2169"
"853";"^E?Nneb";"1419692212941";"27.8435"
"854";"^E?Nneb";"1419692242711";"29.1502"
"855";"^E?Nneb";"1419692272501";"28.586"
"856";"^E?Nneb";"1419692302301";"27.8634"
"857";"^E?Nneb";"1419692333034";"27.7583"
"858";"^E?Nneb";"1419692362834";"29.2406"
"859";"^E?Nneb";"1419692392610";"29.3076"
"860";"^E?Nneb";"1419692422394";"29.661"
"861";"^E?Nneb";"1419692452197";"29.3228"
"862";"^E?Nneb";"1419692482932";"30.6884"
"863";"^E?Nneb";"1419692512734";"31.3872"
"864";"^E?Nneb";"1419692542513";"30.5472"
"865";"^E?Nneb";"1419692572299";"30.1603"
"866";"^E?Nneb";"1419692603049";"29.2717"
"867";"^E?Nneb";"1419692633123";"28.0604"
"868";"^E?Nneb";"1419692663585";"27.6608"
"869";"^E?Nneb";"1419692693409";"26.3491"
"870";"^E?Nneb";"1419692723155";"25.9512"
"871";"^E?Nneb";"1419692752950";"26.0068"
"872";"wF2G9FP7P";"1419692740324";"27.8431"
"873";"KO;z`";"1419692730281";"35.9347"
"874";"^E?Nneb";"1419692783703";"27.1409"
"875";"wF2G9FP7P";"1419692770329";"27.6673"
"876";"KO;z`";"1419692760067";"36.0342"
"877";"^E?Nneb";"1419692813487";"26.6056"
"878";"wF2G9FP7P";"1419692800344";"28.2113"
"879";"KO;z`";"1419692789871";"35.4338"
"880";"wF2G9FP7P";"1419692830359";"27.9491"
"881";"KO;z`";"1419692820607";"35.5214"
"882";"^E?Nneb";"1419692843272";"27.2438"
"883";"wF2G9FP7P";"1419692860368";"34.5298"
"884";"KO;z`";"1419692850396";"35.31"
"885";"^E?Nneb";"1419692873054";"27.8915"
"886";"wF2G9FP7P";"1419692889407";"43.5696"
"887";"KO;z`";"1419692880493";"34.884"
"888";"^E?Nneb";"1419692903800";"26.662"
"889";"wF2G9FP7P";"1419692919417";"38.5742"
"890";"KO;z`";"1419692909975";"34.753"
"891";"wF2G9FP7P";"1419692949432";"35.233"
"892";"KO;z`";"1419692940724";"34.4334"
"893";"^E?Nneb";"1419692933607";"26.5672"
"894";"wF2G9FP7P";"1419692979440";"32.9956"
"895";"KO;z`";"1419692970514";"34.1023"
"896";"wF2G9FP7P";"1419693009450";"31.8715"
"897";"KO;z`";"1419693000302";"34.064"
"898";"^E?Nneb";"1419692963382";"26.1742"
"899";"wF2G9FP7P";"1419693039438";"30.7813"
"900";"KO;z`";"1419693030114";"33.9203"
"901";"^E?Nneb";"1419692993168";"25.9191"
"902";"wF2G9FP7P";"1419693070423";"30.0228"
"903";"KO;z`";"1419693060842";"33.7114"
"904";"wF2G9FP7P";"1419693099456";"29.8658"
"905";"KO;z`";"1419693090629";"33.2974"
"906";"^E?Nneb";"1419693022952";"25.4611"
"907";"wF2G9FP7P";"1419693129459";"29.1468"
"908";"KO;z`";"1419693120417";"33.2049"
"909";"wF2G9FP7P";"1419693159479";"31.547"
"910";"KO;z`";"1419693150209";"32.8241"
"911";"^E?Nneb";"1419693053705";"24.7013"
"912";"%%KD&rD";"1419691365780";"21.47"
"913";"%%KD&rD";"1419691395574";"20.46"
"914";"%%KD&rD";"1419691425372";"19.07"
"915";"%%KD&rD";"1419691456108";"19.05"
"916";"%%KD&rD";"1419691485901";"19.16"
"917";"%%KD&rD";"1419691515689";"19.1"
"918";"%%KD&rD";"1419691545478";"19.28"
"919";"%%KD&rD";"1419691575277";"19.75"
"920";"%%KD&rD";"1419691606011";"20.2"
"921";"%%KD&rD";"1419691635804";"20.65"
"922";"%%KD&rD";"1419691665595";"20.84"
"923";"%%KD&rD";"1419691695396";"20.89"
"924";"%%KD&rD";"1419691726128";"22.09"
"925";"%%KD&rD";"1419691755920";"30.44"
"926";"%%KD&rD";"1419691785708";"30.94"
"927";"%%KD&rD";"1419691815496";"27.92"
"928";"%%KD&rD";"1419691846249";"30.4"
"929";"%%KD&rD";"1419691876037";"29.21"
"930";"%%KD&rD";"1419691905822";"29.33"
"931";"%%KD&rD";"1419691935625";"29.93"
"932";"%%KD&rD";"1419691966360";"30.06"
"933";"%%KD&rD";"1419691996183";"29.75"
"934";"%%KD&rD";"1419692025940";"29"
"935";"%%KD&rD";"1419692055734";"28.7"
"936";"%%KD&rD";"1419692086478";"28.46"
"937";"%%KD&rD";"1419692116269";"28.36"
"938";"%%KD&rD";"1419692146059";"27.89"
"939";"%%KD&rD";"1419692175845";"27.64"
"940";"%%KD&rD";"1419692206595";"27.27"
"941";"%%KD&rD";"1419692236382";"27"
"942";"%%KD&rD";"1419692266172";"26.3"
"943";"%%KD&rD";"1419692295964";"26.3"
"944";"%%KD&rD";"1419692326709";"26.21"
"945";"%%KD&rD";"1419692356504";"25.63"
"946";"%%KD&rD";"1419692386290";"25.28"
"947";"%%KD&rD";"1419692416079";"25.1"
"948";"%%KD&rD";"1419692446825";"25.55"
"949";"%%KD&rD";"1419692476615";"25.65"
"950";"%%KD&rD";"1419692506411";"25.75"
"951";"%%KD&rD";"1419692536195";"25.9"
"952";"%%KD&rD";"1419692566944";"25.84"
"953";"%%KD&rD";"1419692596732";"26.73"
"954";"%%KD&rD";"1419692626520";"27.2"
"955";"%%KD&rD";"1419692656315";"27.36"
"956";"%%KD&rD";"1419692686126";"27.2"
"957";"%%KD&rD";"1419692716852";"26.5"
"958";"%%KD&rD";"1419692746640";"26.08"
"959";"%%KD&rD";"1419692776426";"25.74"
"960";"%%KD&rD";"1419692806231";"25.58"
"961";"%%KD&rD";"1419692836961";"25.77"
"962";"%%KD&rD";"1419692866760";"25.81"
"963";"%%KD&rD";"1419692896544";"25.87"
"964";"%%KD&rD";"1419692926338";"25.98"
"965";"%%KD&rD";"1419692957080";"26.05"
"966";"%%KD&rD";"1419692986867";"26.25"
"967";"%%KD&rD";"1419693016662";"26.46"
"968";"%%KD&rD";"1419693046449";"26.03"
"969";"%%KD&rD";"1419693077199";"24.49"
"970";"%%KD&rD";"1419693106987";"22.92"
"971";"%%KD&rD";"1419693136775";"21.95"
"972";"%%KD&rD";"1419693166579";"21.14"
"973";"wF2G9FP7P";"1419693189488";"29.8293"
"974";"%%KD&rD";"1419693197314";"20.74"
"975";"KO;z`";"1419693180031";"33.3642"
"976";"wF2G9FP7P";"1419693219531";"28.3387"
"977";"KO;z`";"1419693210749";"32.9695"
"978";"%%KD&rD";"1419693227105";"20.46"
"979";"^E?Nneb";"1419693083490";"24.6867"
"980";"wF2G9FP7P";"1419693250465";"27.019"
"981";"%%KD&rD";"1419693256891";"20.73"
"982";"KO;z`";"1419693240538";"32.9995"
"983";"^E?Nneb";"1419693113275";"24.5727"
"984";"^E?Nneb";"1419693143065";"24.3986"
"985";"wF2G9FP7P";"1419693280476";"26.2948"
"986";"KO;z`";"1419693270340";"32.711"
"987";"^E?Nneb";"1419693173811";"24.2853"
"988";"wF2G9FP7P";"1419693310487";"26.2228"
"989";"%%KD&rD";"1419693286685";"21.68"
"990";"KO;z`";"1419693301116";"32.4159"
"991";"^E?Nneb";"1419693203612";"24.2452"
"992";"%%KD&rD";"1419693317431";"22.66"
"993";"wF2G9FP7P";"1419693340499";"26.013"
"994";"KO;z`";"1419693330865";"32.6321"
"995";"^E?Nneb";"1419693233388";"23.8983"
"996";"%%KD&rD";"1419693347221";"23.35"
"997";"wF2G9FP7P";"1419693370510";"25.9672"
"998";"KO;z`";"1419693360654";"32.2015"
"999";"%%KD&rD";"1419693377009";"23.88"
"1000";"^E?Nneb";"1419693263184";"23.7466"
"1001";"%%KD&rD";"1419693406798";"24.54"
"1002";"wF2G9FP7P";"1419693400521";"25.4893"
"1003";"KO;z`";"1419693391406";"32.0249"
"1004";"wF2G9FP7P";"1419693430520";"26.976"
"1005";"%%KD&rD";"1419693437543";"24.64"
"1006";"KO;z`";"1419693421188";"31.6351"
"1007";"^E?Nneb";"1419693292970";"23.7482"
"1008";"wF2G9FP7P";"1419693460533";"28.9775"
"1009";"%%KD&rD";"1419693467332";"24.91"
"1010";"KO;z`";"1419693450977";"31.0044"
"1011";"%%KD&rD";"1419693497123";"25"
"1012";"wF2G9FP7P";"1419693490542";"36.0801"
"1013";"KO;z`";"1419693480763";"30.9522"
"1014";"wF2G9FP7P";"1419693520558";"38.8031"
"1015";"%%KD&rD";"1419693526915";"25.07"
"1016";"^E?Nneb";"1419693323720";"29.1632"
"1017";"KO;z`";"1419693511518";"30.9351"
"1018";"wF2G9FP7P";"1419693550566";"38.1367"
"1019";"%%KD&rD";"1419693557661";"24.91"
"1020";"KO;z`";"1419693541302";"30.7173"
"1021";"^E?Nneb";"1419693353502";"26.4596"
"1022";"^E?Nneb";"1419693383308";"25.4554"
"1023";"wF2G9FP7P";"1419693580575";"39.7595"
"1024";"%%KD&rD";"1419693587450";"24.82"
"1025";"KO;z`";"1419693571097";"30.7022"
"1026";"wF2G9FP7P";"1419693609649";"37.9689"
"1027";"%%KD&rD";"1419693617237";"24.75"
"1028";"^E?Nneb";"1419693413079";"25.1218"
"1029";"KO;z`";"1419693600891";"30.8539"
"1030";"%%KD&rD";"1419693647031";"24.69"
"1031";"wF2G9FP7P";"1419693639672";"43.2801"
"1032";"^E?Nneb";"1419693443827";"25.5504"
"1033";"KO;z`";"1419693631634";"30.4424"
"1034";"wF2G9FP7P";"1419693670985";"45.1686"
"1035";"%%KD&rD";"1419693677777";"24.6"
"1036";"^E?Nneb";"1419693473612";"25.05"
"1037";"KO;z`";"1419693661421";"30.3826"
"1038";"^E?Nneb";"1419693503400";"25.0463"
"1039";"wF2G9FP7P";"1419693700993";"44.681"
"1040";"%%KD&rD";"1419693707567";"24.69"
"1041";"KO;z`";"1419693691206";"30.0802"
"1042";"wF2G9FP7P";"1419693731009";"40.011"
"1043";"%%KD&rD";"1419693737361";"24.46"
"1044";"KO;z`";"1419693720996";"30.2615"
"1045";"^E?Nneb";"1419693533201";"24.8391"
"1046";"%%KD&rD";"1419693767142";"24.42"
"1047";"wF2G9FP7P";"1419693761019";"37.6952"
"1048";"KO;z`";"1419693751744";"30.5818"
"1049";"^E?Nneb";"1419693562976";"25.0206"
"1050";"%%KD&rD";"1419693796938";"24.46"
"1051";"wF2G9FP7P";"1419693791031";"36.1998"
"1052";"KO;z`";"1419693781561";"30.526"
"1053";"^E?Nneb";"1419693593727";"24.7479"
"1054";"%%KD&rD";"1419693827683";"24.23"
"1055";"wF2G9FP7P";"1419693821049";"35.7746"
"1056";"KO;z`";"1419693811322";"30.2856"
"1057";"^E?Nneb";"1419693623511";"24.1522"
"1058";"%%KD&rD";"1419693857470";"24.27"
"1059";"wF2G9FP7P";"1419693851049";"34.2011"
"1060";"KO;z`";"1419693841111";"30.2864"
"1061";"%%KD&rD";"1419693887260";"24.07"
"1062";"wF2G9FP7P";"1419693881059";"34.3293"
"1063";"^E?Nneb";"1419693653308";"24.4342"
"1064";"KO;z`";"1419693871866";"30.1067"
"1065";"wF2G9FP7P";"1419693911075";"33.6462"
"1066";"%%KD&rD";"1419693917067";"23.9"
"1067";"KO;z`";"1419693901773";"29.9939"
"1068";"^E?Nneb";"1419693683096";"24.6225"
"1069";"wF2G9FP7P";"1419693941086";"33.5564"
"1070";"%%KD&rD";"1419693947798";"23.69"
"1071";"KO;z`";"1419693931438";"30.3504"
"1072";"^E?Nneb";"1419693713838";"24.6587"
"1073";"%%KD&rD";"1419693977594";"23.95"
"1074";"wF2G9FP7P";"1419693971097";"33.0639"
"1075";"KO;z`";"1419693961251";"31.0506"
"1076";"^E?Nneb";"1419693743625";"24.5275"
"1077";"wF2G9FP7P";"1419694001115";"32.7142"
"1078";"%%KD&rD";"1419694007377";"23.75"
"1079";"KO;z`";"1419693991976";"30.4852"
"1080";"^E?Nneb";"1419693773415";"24.4971"
"1081";"%%KD&rD";"1419694037190";"23.88"
"1082";"wF2G9FP7P";"1419694030850";"32.9447"
"1083";"KO;z`";"1419694021766";"30.9536"
"1084";"wF2G9FP7P";"1419694059938";"32.5215"
"1085";"%%KD&rD";"1419694067914";"23.63"
"1086";"KO;z`";"1419694051556";"31.2703"
"1087";"^E?Nneb";"1419693803204";"24.3743"
"1088";"wF2G9FP7P";"1419694089955";"31.5179"
"1089";"%%KD&rD";"1419694097715";"23.53"
"1090";"KO;z`";"1419694081337";"31.2453"
"1091";"^E?Nneb";"1419693833944";"24.0166"
"1092";"wF2G9FP7P";"1419694119964";"38.3221"
"1093";"%%KD&rD";"1419694127491";"23.47"
"1094";"KO;z`";"1419694111156";"31.3305"
"1095";"^E?Nneb";"1419693863733";"24.2844"
"1096";"%%KD&rD";"1419694157289";"23.38"
"1097";"wF2G9FP7P";"1419694149970";"39.4876"
"1098";"KO;z`";"1419694141885";"31.3307"
"1099";"^E?Nneb";"1419693893530";"24.0444"
"1100";"%%KD&rD";"1419694188028";"23.18"
"1101";"KO;z`";"1419694171671";"31.3893"
"1102";"^E?Nneb";"1419693923308";"24.7715"
"1103";"%%KD&rD";"1419694217820";"23.1"
"1104";"KO;z`";"1419694201454";"31.3191"
"1105";"^E?Nneb";"1419693953097";"24.4068"
"1106";"wF2G9FP7P";"1419694179961";"37.6003"
"1107";"wF2G9FP7P";"1419694209986";"32.5947"
"1108";"wF2G9FP7P";"1419694239997";"30.3584"
"1109";"%%KD&rD";"1419694247606";"22.94"
"1110";"KO;z`";"1419694231260";"31.6773"
"1111";"%%KD&rD";"1419694308147";"22.72"
"1112";"KO;z`";"1419694291789";"31.501"
"1113";"%%KD&rD";"1419694277405";"22.84"
"1114";"wF2G9FP7P";"1419694300960";"29.504"
"1115";"^E?Nneb";"1419694043437";"31.2749"
"1116";"^E?Nneb";"1419694013632";"27.4099"
"1117";"wF2G9FP7P";"1419694270015";"32.4838"
"1118";"wF2G9FP7P";"1419694330003";"27.5075"
"1119";"%%KD&rD";"1419694337937";"22.54"
"1120";"KO;z`";"1419694321580";"31.3812"
"1121";"^E?Nneb";"1419694073207";"29.7226"
"1122";"wF2G9FP7P";"1419694360015";"26.5905"
"1123";"%%KD&rD";"1419694367724";"25.12"
"1124";"^E?Nneb";"1419694103977";"27.7363"
"1125";"KO;z`";"1419694351370";"31.5576"
"1126";"wF2G9FP7P";"1419694390026";"25.9711"
"1127";"%%KD&rD";"1419694397519";"34.34"
"1128";"KO;z`";"1419694382114";"31.461"
"1129";"^E?Nneb";"1419694133759";"25.5107"
"1130";"%%KD&rD";"1419694428264";"30.05"
"1131";"wF2G9FP7P";"1419694420038";"25.9969"
"1132";"KO;z`";"1419694411902";"31.5676"
"1133";"%%KD&rD";"1419694458054";"26.85"
"1134";"wF2G9FP7P";"1419694450051";"25.441"
"1135";"KO;z`";"1419694441698";"31.3537"
"1136";"%%KD&rD";"1419694517640";"24.93"
"1137";"^E?Nneb";"1419694163546";"25.4377"
"1138";"wF2G9FP7P";"1419694510110";"24.9661"
"1139";"^E?Nneb";"1419694224081";"24.749"
"1140";"wF2G9FP7P";"1419694481037";"25.2866"
"1141";"KO;z`";"1419694502239";"31.6992"
"1142";"%%KD&rD";"1419694548379";"24.32"
"1143";"wF2G9FP7P";"1419694540121";"24.8137"
"1144";"KO;z`";"1419694532024";"31.417"
"1145";"KO;z`";"1419694471490";"31.5735"
"1146";"^E?Nneb";"1419694253873";"24.2821"
"1147";"%%KD&rD";"1419694637750";"30.27"
"1148";"wF2G9FP7P";"1419694600144";"25.0318"
"1149";"wF2G9FP7P";"1419694630157";"24.6187"
"1150";"KO;z`";"1419694621394";"31.547"
"1151";"wF2G9FP7P";"1419696551713";"27.7323"
"1152";"%%KD&rD";"1419696553424";"24.94"
"1153";"^E?Nneb";"1419696591952";"24.0544"
"1154";"KO;z`";"1419696542298";"27.7522"
"1155";"wF2G9FP7P";"1419696581729";"28.2545"
"1156";"%%KD&rD";"1419696584164";"24.86"
"1157";"KO;z`";"1419696573066";"28.8178"
"1158";"^E?Nneb";"1419696622716";"23.657"
"1159";"wF2G9FP7P";"1419696611742";"28.4357"
"1160";"%%KD&rD";"1419696613955";"24.59"
"1161";"^E?Nneb";"1419696652480";"23.6677"
"1162";"KO;z`";"1419696602843";"29.8826"
"1163";"wF2G9FP7P";"1419696641741";"28.4245"
"1164";"%%KD&rD";"1419696643747";"24.44"
"1165";"KO;z`";"1419696632631";"30.8409"
"1166";"^E?Nneb";"1419696682272";"23.3806"
"1167";"wF2G9FP7P";"1419696671759";"27.8902"
"1168";"%%KD&rD";"1419696673536";"24.45"
"1169";"^E?Nneb";"1419696712063";"22.7666"
"1170";"KO;z`";"1419696662423";"31.016"
"1171";"wF2G9FP7P";"1419696701764";"28.4446"
"1172";"%%KD&rD";"1419696704280";"24.42"
"1173";"KO;z`";"1419696693165";"31.5923"
"1174";"^E?Nneb";"1419696742807";"22.5806"
"1175";"wF2G9FP7P";"1419696730825";"31.3195"
"1176";"%%KD&rD";"1419696734073";"29.69"
"1177";"^E?Nneb";"1419696772610";"24.1965"
"1178";"KO;z`";"1419696722958";"33.0439"
"1179";"wF2G9FP7P";"1419696760808";"36.4686"
"1180";"%%KD&rD";"1419696763866";"34.77"
"1181";"^E?Nneb";"1419696802393";"23.2837"
"1182";"KO;z`";"1419696752756";"34.852"
"1183";"wF2G9FP7P";"1419696790809";"40.2439"
"1184";"%%KD&rD";"1419696793647";"29.53"
"1185";"KO;z`";"1419696782582";"35.8839"
"1186";"^E?Nneb";"1419696832181";"23.4052"
"1187";"wF2G9FP7P";"1419696820820";"43.4136"
"1188";"%%KD&rD";"1419696824397";"27.5"
"1189";"^E?Nneb";"1419696861970";"24.1916"
"1190";"KO;z`";"1419696813327";"37.0789"
"1191";"wF2G9FP7P";"1419696850842";"45.085"
"1192";"%%KD&rD";"1419696854184";"26.32"
"1193";"^E?Nneb";"1419696892703";"24.8891"
"1194";"KO;z`";"1419696843143";"35.0815"
"1195";"wF2G9FP7P";"1419696880847";"49.777"
"1196";"%%KD&rD";"1419696883976";"25.86"
"1197";"^E?Nneb";"1419696922497";"24.7645"
"1198";"KO;z`";"1419696872913";"37.0759"
"1199";"wF2G9FP7P";"1419696910853";"53.2455"
"1200";"%%KD&rD";"1419696913768";"25.53"
"1201";"^E?Nneb";"1419696952278";"24.0791"
"1202";"KO;z`";"1419696902698";"36.219"
"1203";"wF2G9FP7P";"1419696940886";"52.6161"
"1204";"%%KD&rD";"1419696944513";"25.3"
"1205";"^E?Nneb";"1419696982067";"24.1297"
"1206";"wF2G9FP7P";"1419696970910";"44.9011"
"1207";"%%KD&rD";"1419696974306";"25.14"
"1208";"^E?Nneb";"1419697012819";"23.5923"
"1209";"wF2G9FP7P";"1419697000909";"39.6358"
"1210";"%%KD&rD";"1419697004092";"25.2"
"1211";"^E?Nneb";"1419697042609";"24.0907"
"1212";"^E?Nneb";"1419697102177";"23.8899"
"1213";"wF2G9FP7P";"1419697060933";"36.9018"
"1214";"wF2G9FP7P";"1419697030920";"37.0905"
"1215";"wF2G9FP7P";"1419697090952";"38.5744"
"1216";"%%KD&rD";"1419697094418";"24.9"
"1217";"^E?Nneb";"1419697132934";"23.1835"
"1218";"wF2G9FP7P";"1419697120961";"37.1628"
"1219";"%%KD&rD";"1419697124215";"24.87"
"1220";"^E?Nneb";"1419697162713";"23.8342"
"1221";"wF2G9FP7P";"1419697151907";"35.8343"
"1222";"%%KD&rD";"1419697153994";"24.81"
"1223";"^E?Nneb";"1419697192511";"24.6286"
"1224";"wF2G9FP7P";"1419697181914";"35.7323"
"1225";"%%KD&rD";"1419697184748";"24.99"
"1226";"^E?Nneb";"1419697222293";"24.2246"
"1227";"wF2G9FP7P";"1419697210944";"34.0227"
"1228";"%%KD&rD";"1419697214531";"24.78"
"1229";"^E?Nneb";"1419697252081";"22.9978"
"1230";"wF2G9FP7P";"1419697240955";"33.6682"
"1231";"%%KD&rD";"1419697244324";"25.04"
"1232";"^E?Nneb";"1419697282832";"22.3077"
"1233";"wF2G9FP7P";"1419697270965";"32.6458"
"1234";"%%KD&rD";"1419697274120";"24.77"
"1235";"^E?Nneb";"1419697312627";"22.4774"
"1236";"wF2G9FP7P";"1419697300979";"31.671"
"1237";"%%KD&rD";"1419697304862";"25.01"
"1238";"^E?Nneb";"1419697342398";"23.3204"
"1239";"wF2G9FP7P";"1419697330972";"31.3368"
"1240";"%%KD&rD";"1419697334651";"24.87"
"1241";"^E?Nneb";"1419697372204";"23.4066"
"1242";"wF2G9FP7P";"1419697361009";"30.903"
"1243";"%%KD&rD";"1419697364437";"25"
"1244";"^E?Nneb";"1419697402950";"24.3175"
"1245";"wF2G9FP7P";"1419697391019";"30.7826"
"1246";"%%KD&rD";"1419697394229";"24.68"
"1247";"^E?Nneb";"1419697432736";"25.4882"
"1248";"wF2G9FP7P";"1419697421037";"30.9114"
"1249";"%%KD&rD";"1419697424976";"24.88"
"1250";"^E?Nneb";"1419697462509";"25.4522"
"1251";"wF2G9FP7P";"1419697451048";"30.246"
"1252";"%%KD&rD";"1419697454768";"24.98"
"1253";"^E?Nneb";"1419697492310";"24.6184"
"1254";"wF2G9FP7P";"1419697481062";"30.1136"
"1255";"%%KD&rD";"1419697484564";"25.01"
"1256";"^E?Nneb";"1419697523047";"25.4073"
"1257";"%%KD&rD";"1419697514345";"24.83"
"1258";"wF2G9FP7P";"1419697511036";"30.0398"
"1259";"^E?Nneb";"1419697552842";"24.6571"
"1260";"%%KD&rD";"1419697544137";"24.83"
"1261";"wF2G9FP7P";"1419697541087";"29.5693"
"1262";"^E?Nneb";"1419697582634";"24.5334"
"1263";"wF2G9FP7P";"1419697571104";"30.0147"
"1264";"%%KD&rD";"1419697574880";"24.91"
"1265";"^E?Nneb";"1419697612408";"23.8073"
"1266";"wF2G9FP7P";"1419697601111";"29.86"
"1267";"%%KD&rD";"1419697604670";"24.99"
"1268";"wF2G9FP7P";"1419697631122";"29.6091"
"1269";"%%KD&rD";"1419697634468";"24.97"
"1270";"^E?Nneb";"1419697642203";"23.3753"
"1271";"^E?Nneb";"1419697672949";"23.9111"
"1272";"wF2G9FP7P";"1419697661136";"29.4678"
"1273";"%%KD&rD";"1419697664259";"25.04"
"1274";"^E?Nneb";"1419697701506";"18.1752"
"1275";"wF2G9FP7P";"1419697692086";"29.3757"
"1276";"%%KD&rD";"1419697695005";"25.1"
"1277";"^E?Nneb";"1419697731306";"19.243"
"1278";"wF2G9FP7P";"1419697722089";"29.3575"
"1279";"%%KD&rD";"1419697724789";"25.11"
"1280";"^E?Nneb";"1419697761079";"19.8312"
"1281";"wF2G9FP7P";"1419697752096";"29.0226"
"1282";"%%KD&rD";"1419697754576";"25.14"
"1283";"^E?Nneb";"1419697791830";"20.4144"
"1284";"wF2G9FP7P";"1419697782102";"29.3122"
"1285";"%%KD&rD";"1419697784378";"24.93"
"1286";"^E?Nneb";"1419697821613";"20.7564"
"1287";"wF2G9FP7P";"1419697812108";"28.8881"
"1288";"%%KD&rD";"1419697815116";"25.04"
"1289";"^E?Nneb";"1419697851402";"21.1568"
"1290";"wF2G9FP7P";"1419697842127";"29.2585"
"1291";"%%KD&rD";"1419697844915";"24.97"
"1292";"^E?Nneb";"1419697881198";"21.2919"
"1293";"^E?Nneb";"1419697941737";"21.3629"
"1294";"wF2G9FP7P";"1419697902136";"28.4513"
"1295";"%%KD&rD";"1419697904489";"25.06"
"1296";"wF2G9FP7P";"1419697932145";"28.4433"
"1297";"%%KD&rD";"1419697935231";"25.16"
"1298";"^E?Nneb";"1419697971521";"21.3863"
"1299";"%%KD&rD";"1419697965021";"25.5"
"1300";"%%KD&rD";"1419698024604";"25.55"
"1301";"^E?Nneb";"1419698061842";"21.9717"
"1302";"^E?Nneb";"1419698541355";"22.0588"
"1303";"wF2G9FP7P";"1419698532763";"28.5265"
"1304";"%%KD&rD";"1419698535808";"23.72"
"1305";"^E?Nneb";"1419698572098";"22.1016"
"1306";"wF2G9FP7P";"1419698562777";"28.0744"
"1307";"%%KD&rD";"1419698565602";"23.4"
"1308";"^E?Nneb";"1419698601885";"21.8644"
"1309";"wF2G9FP7P";"1419698592786";"27.9932"
"1310";"%%KD&rD";"1419698595386";"23.77"
"1311";"^E?Nneb";"1419698631672";"21.9432"
"1312";"%%KD&rD";"1419698625184";"23.44"
"1313";"wF2G9FP7P";"1419698622792";"28.1776"
"1314";"^E?Nneb";"1419698661562";"22.4976"
"1315";"wF2G9FP7P";"1419698652809";"27.8487"
"1316";"%%KD&rD";"1419698655924";"23.48"
"1317";"^E?Nneb";"1419698692198";"22.502"
"1318";"wF2G9FP7P";"1419698682812";"28.565"
"1319";"%%KD&rD";"1419698685718";"23.41"
"1320";"^E?Nneb";"1419698721987";"22.5489"
"1321";"wF2G9FP7P";"1419698712817";"28.3985"
"1322";"%%KD&rD";"1419698715507";"23.51"
"1323";"^E?Nneb";"1419698751776";"22.7625"
"1324";"%%KD&rD";"1419698745291";"23.57"
"1325";"wF2G9FP7P";"1419698742833";"27.9359"
"1326";"^E?Nneb";"1419698781552";"22.7563"
"1327";"wF2G9FP7P";"1419698772856";"28.0869"
"1328";"%%KD&rD";"1419698776043";"23.51"
"1329";"^E?Nneb";"1419698812309";"22.5753"
"1330";"wF2G9FP7P";"1419698802848";"27.8226"
"1331";"%%KD&rD";"1419698805832";"23.47"
"1332";"^E?Nneb";"1419698842095";"22.5168"
"1333";"wF2G9FP7P";"1419698832855";"28.3404"
"1334";"%%KD&rD";"1419698835620";"23.53"
"1335";"^E?Nneb";"1419698871987";"22.3683"
"1336";"%%KD&rD";"1419698865417";"23.36"
"1337";"wF2G9FP7P";"1419698862860";"28.2012"
"1338";"^E?Nneb";"1419698901664";"22.539"
"1339";"wF2G9FP7P";"1419698892874";"28.752"
"1340";"%%KD&rD";"1419698896164";"23.54"
"1341";"^E?Nneb";"1419698931466";"22.3989"
"1342";"wF2G9FP7P";"1419698922877";"28.5995"
"1343";"%%KD&rD";"1419698925949";"23.45"
"1344";"^E?Nneb";"1419698962238";"22.905"
"1345";"%%KD&rD";"1419698955738";"23.43"
"1346";"^E?Nneb";"1419698991986";"22.7481"
"1347";"wF2G9FP7P";"1419698951932";"28.3325"
"1348";"%%KD&rD";"1419698985529";"23.26"
"1349";"^E?Nneb";"1419699021785";"22.764"
"1350";"%%KD&rD";"1419699016272";"23.41"
"1351";"wF2G9FP7P";"1419699011956";"26.9582"
"1352";"^E?Nneb";"1419699051580";"22.4422"
"1353";"wF2G9FP7P";"1419699042946";"26.325"
"1354";"%%KD&rD";"1419699046065";"23.41"
"1355";"^E?Nneb";"1419699082309";"22.6917"
"1356";"wF2G9FP7P";"1419699071951";"25.3739"
"1357";"%%KD&rD";"1419699075860";"23.24"
"1358";"^E?Nneb";"1419699112126";"22.5936"
"1359";"%%KD&rD";"1419699105645";"23.3"
"1360";"wF2G9FP7P";"1419699101963";"25.4032"
"1361";"^E?Nneb";"1419699141895";"22.6699"
"1362";"%%KD&rD";"1419699136392";"23.35"
"1363";"wF2G9FP7P";"1419699131973";"25.525"
"1364";"^E?Nneb";"1419699171683";"22.7005"
"1365";"wF2G9FP7P";"1419699161986";"24.9674"
"1366";"%%KD&rD";"1419699166180";"23.16"
"1367";"^E?Nneb";"1419699202457";"23.5096"
"1368";"%%KD&rD";"1419699195968";"23.18"
"1369";"wF2G9FP7P";"1419699191995";"24.8174"
"1370";"^E?Nneb";"1419699232222";"23.525"
"1371";"%%KD&rD";"1419699225765";"22.99"
"1372";"wF2G9FP7P";"1419699222018";"24.8244"
"1373";"^E?Nneb";"1419699262017";"23.5605"
"1374";"%%KD&rD";"1419699255551";"23"
"1375";"wF2G9FP7P";"1419699252024";"24.4083"
"1376";"^E?Nneb";"1419699291795";"23.5894"
"1377";"wF2G9FP7P";"1419699282037";"24.9647"
"1378";"%%KD&rD";"1419699286296";"24.72"
"1379";"^E?Nneb";"1419699321587";"23.5102"
"1380";"wF2G9FP7P";"1419699312046";"24.6237"
"1381";"%%KD&rD";"1419699316090";"29.11"
"1382";"^E?Nneb";"1419699352338";"23.598"
"1383";"%%KD&rD";"1419699345873";"30.26"
"1384";"wF2G9FP7P";"1419699342057";"24.7416"
"1385";"^E?Nneb";"1419699382122";"23.7991"
"1386";"%%KD&rD";"1419699375675";"27.68"
"1387";"wF2G9FP7P";"1419699372068";"24.5791"
"1388";"^E?Nneb";"1419699411904";"23.4453"
"1389";"wF2G9FP7P";"1419699403022";"24.5657"
"1390";"%%KD&rD";"1419699406409";"26.72"
"1391";"^E?Nneb";"1419699441701";"23.3345"
"1392";"%%KD&rD";"1419699436210";"26.53"
"1393";"wF2G9FP7P";"1419699433027";"24.3575"
"1394";"^E?Nneb";"1419699472446";"23.9396"
"1395";"%%KD&rD";"1419699465990";"26.48"
"1396";"wF2G9FP7P";"1419699463038";"24.0794"
"1397";"^E?Nneb";"1419699501482";"24.3206"
"1398";"%%KD&rD";"1419699495795";"26.47"
"1399";"wF2G9FP7P";"1419699493049";"24.1762"
"1400";"^E?Nneb";"1419699531266";"24.2492"
"1401";"wF2G9FP7P";"1419699523065";"23.9395"
"1402";"%%KD&rD";"1419699526527";"26.66"
"1403";"^E?Nneb";"1419699561057";"24.72"
"1404";"%%KD&rD";"1419699556316";"26.67"
"1405";"wF2G9FP7P";"1419699553076";"24.1558"
"1406";"^E?Nneb";"1419699591805";"24.1186"
"1407";"%%KD&rD";"1419699586111";"26.49"
"1408";"wF2G9FP7P";"1419699583114";"23.4475"
"1409";"^E?Nneb";"1419699621595";"24.1187"
"1410";"wF2G9FP7P";"1419699612141";"23.5371"
"1411";"%%KD&rD";"1419699616852";"26.02"
"1412";"^E?Nneb";"1419699651380";"24.323"
"1413";"wF2G9FP7P";"1419699642154";"23.6051"
"1414";"%%KD&rD";"1419699646645";"25.68"
"1415";"^E?Nneb";"1419699681170";"24.2581"
"1416";"%%KD&rD";"1419699676432";"25.35"
"1417";"wF2G9FP7P";"1419699672165";"23.5767"
"1418";"^E?Nneb";"1419699710965";"24.0095"
"1419";"%%KD&rD";"1419699706225";"25.1"
"1420";"wF2G9FP7P";"1419699702176";"23.2946"
"1421";"^E?Nneb";"1419699741695";"23.7493"
"1422";"wF2G9FP7P";"1419699733077";"23.2563"
"1423";"%%KD&rD";"1419699736970";"24.78"
"1424";"^E?Nneb";"1419699771501";"24.5417"
"1425";"wF2G9FP7P";"1419699763422";"23.5315"
"1426";"%%KD&rD";"1419699766758";"24.54"
"1427";"^E?Nneb";"1419699801410";"24.5982"
"1428";"%%KD&rD";"1419699796552";"24.5"
"1429";"wF2G9FP7P";"1419699793433";"22.7487"
"1430";"^E?Nneb";"1419699831059";"24.7071"
"1431";"%%KD&rD";"1419699826342";"24.2"
"1432";"wF2G9FP7P";"1419699823447";"23.3126"
"1433";"^E?Nneb";"1419699861819";"24.6239"
"1434";"wF2G9FP7P";"1419699853455";"22.8367"
"1435";"%%KD&rD";"1419699857086";"24.52"
"1436";"^E?Nneb";"1419699891598";"24.1954"
"1437";"wF2G9FP7P";"1419699883469";"22.8203"
"1438";"%%KD&rD";"1419699886876";"24.34"
"1439";"^E?Nneb";"1419699921426";"24.1088"
"1440";"%%KD&rD";"1419699916666";"23.96"
"1441";"wF2G9FP7P";"1419699913482";"22.7995"
"1442";"^E?Nneb";"1419699951170";"24.625"
"1443";"%%KD&rD";"1419699946461";"23.49"
"1444";"wF2G9FP7P";"1419699943502";"22.5316"
"1445";"^E?Nneb";"1419699981926";"25.0042"
"1446";"wF2G9FP7P";"1419699973513";"22.5555"
"1447";"%%KD&rD";"1419699977203";"23.39"
"1448";"^E?Nneb";"1419700011713";"24.8994"
"1449";"wF2G9FP7P";"1419700002542";"22.6184"
"1450";"%%KD&rD";"1419700006994";"23.18"
"1451";"^E?Nneb";"1419700041506";"24.7329"
"1452";"%%KD&rD";"1419700036778";"23"
"1453";"wF2G9FP7P";"1419700032554";"22.7897"
"1454";"^E?Nneb";"1419700071368";"24.7686"
"1455";"wF2G9FP7P";"1419700062565";"22.282"
"1456";"%%KD&rD";"1419700066576";"23.06"
"1457";"^E?Nneb";"1419700101082";"24.9059"
"1458";"wF2G9FP7P";"1419700092581";"22.3333"
"1459";"%%KD&rD";"1419700097319";"22.76"
"1460";"^E?Nneb";"1419700131825";"24.5568"
"1461";"wF2G9FP7P";"1419700123533";"22.5765"
"1462";"%%KD&rD";"1419700127110";"22.77"
"1463";"^E?Nneb";"1419700161602";"25.1272"
"1464";"%%KD&rD";"1419700156903";"22.8"
"1465";"wF2G9FP7P";"1419700153557";"22.7402"
"1466";"^E?Nneb";"1419700191402";"25.2507"
"1467";"%%KD&rD";"1419700186689";"22.73"
"1468";"wF2G9FP7P";"1419700183564";"22.617"
"1469";"^E?Nneb";"1419700221197";"25.56"
"1470";"wF2G9FP7P";"1419700213579";"22.6144"
"1471";"%%KD&rD";"1419700217436";"22.78"
"1472";"^E?Nneb";"1419700252026";"25.312"
"1473";"%%KD&rD";"1419700247223";"22.77"
"1474";"wF2G9FP7P";"1419700243619";"25.8027"
"1475";"^E?Nneb";"1419700281720";"25.3383"
"1476";"%%KD&rD";"1419700277013";"22.55"
"1477";"wF2G9FP7P";"1419700273588";"26.2777"
"1478";"^E?Nneb";"1419700311514";"25.0308"
"1479";"%%KD&rD";"1419700306827";"22.63"
"1480";"wF2G9FP7P";"1419700303594";"24.8109"
"1481";"^E?Nneb";"1419700341300";"25.2559"
"1482";"%%KD&rD";"1419700336597";"22.59"
"1483";"wF2G9FP7P";"1419700333606";"28.4507"
"1484";"^E?Nneb";"1419700372144";"24.9902"
"1485";"%%KD&rD";"1419700367343";"22.64"
"1486";"wF2G9FP7P";"1419700363622";"26.6536"
"1487";"^E?Nneb";"1419700401837";"25.3062"
"1488";"%%KD&rD";"1419700397130";"22.68"
"1489";"wF2G9FP7P";"1419700393602";"25.9417"
"1490";"^E?Nneb";"1419700431622";"25.1203"
"1491";"%%KD&rD";"1419700426915";"22.68"
"1492";"wF2G9FP7P";"1419700423613";"25.5962"
"1493";"^E?Nneb";"1419700461411";"25.0681"
"1494";"%%KD&rD";"1419700456722";"22.75"
"1495";"wF2G9FP7P";"1419700453626";"25.3845"
"1496";"^E?Nneb";"1419700492149";"24.9527"
"1497";"%%KD&rD";"1419700487453";"22.72"
"1498";"wF2G9FP7P";"1419700483635";"25.5215"
"1499";"^E?Nneb";"1419700521950";"24.5198"
"1500";"%%KD&rD";"1419700517254";"22.69"
"1501";"wF2G9FP7P";"1419700513646";"24.9111"
"1502";"^E?Nneb";"1419700551739";"24.215"
"1503";"%%KD&rD";"1419700547034";"22.82"
"1504";"wF2G9FP7P";"1419700543670";"25.4387"
"1505";"^E?Nneb";"1419700581522";"24.2653"
"1506";"%%KD&rD";"1419700576838";"22.67"
"1507";"wF2G9FP7P";"1419700573681";"25.5987"
"1508";"^E?Nneb";"1419700611312";"23.9124"
"1509";"%%KD&rD";"1419700607569";"22.59"
"1510";"wF2G9FP7P";"1419700603693";"25.4214"
"1511";"^E?Nneb";"1419700642059";"23.718"
"1512";"%%KD&rD";"1419700637361";"22.57"
"1513";"wF2G9FP7P";"1419700633703";"25.1928"
"1514";"^E?Nneb";"1419700671845";"23.4678"
"1515";"%%KD&rD";"1419700667154";"22.71"
"1516";"wF2G9FP7P";"1419700663719";"25.2125"
"1517";"^E?Nneb";"1419700701635";"23.5872"
"1518";"%%KD&rD";"1419700696950";"22.63"
"1519";"wF2G9FP7P";"1419700693725";"25.2873"
"1520";"^E?Nneb";"1419700731432";"23.2403"
"1521";"%%KD&rD";"1419700727695";"22.86"
"1522";"wF2G9FP7P";"1419700723750";"25.3868"
"1523";"^E?Nneb";"1419700762167";"23.5741"
"1524";"%%KD&rD";"1419700757477";"22.6"
"1525";"wF2G9FP7P";"1419700753734";"25.0418"
"1526";"^E?Nneb";"1419700791976";"23.6382"
"1527";"%%KD&rD";"1419700787267";"22.73"
"1528";"wF2G9FP7P";"1419700783746";"25.5648"
"1529";"^E?Nneb";"1419700821734";"23.357"
"1530";"%%KD&rD";"1419700817086";"22.62"
"1531";"wF2G9FP7P";"1419700813756";"25.2111"
"1532";"^E?Nneb";"1419700851537";"23.0485"
"1533";"%%KD&rD";"1419700847802";"22.66"
"1534";"wF2G9FP7P";"1419700843768";"25.4025"
"1535";"^E?Nneb";"1419700882278";"22.7169"
"1536";"%%KD&rD";"1419700877601";"22.65"
"1537";"wF2G9FP7P";"1419700873778";"25.6523"
"1538";"^E?Nneb";"1419700912066";"22.7936"
"1539";"%%KD&rD";"1419700907382";"22.55"
"1540";"wF2G9FP7P";"1419700903807";"25.4909"
"1541";"^E?Nneb";"1419700941865";"22.9455"
"1542";"wF2G9FP7P";"1419700933787";"25.5457"
"1543";"%%KD&rD";"1419700937177";"22.6"
"1544";"^E?Nneb";"1419700971645";"22.6189"
"1545";"wF2G9FP7P";"1419700963799";"25.7623"
"1546";"%%KD&rD";"1419700967919";"22.56"
"1547";"^E?Nneb";"1419701001423";"22.2818"
"1548";"wF2G9FP7P";"1419700993810";"25.5862"
"1549";"%%KD&rD";"1419700997710";"22.41"
"1550";"wF2G9FP7P";"1419701113855";"25.6432"
"1551";"%%KD&rD";"1419701117825";"22.4"
"1552";"^E?Nneb";"1419701152293";"22.11"
"1553";"wF2G9FP7P";"1419701143854";"25.9135"
"1554";"%%KD&rD";"1419701147615";"22.48"
"1555";"^E?Nneb";"1419701182075";"21.5732"
"1556";"wF2G9FP7P";"1419701173863";"25.7653"
"1557";"%%KD&rD";"1419701177490";"22.58"
"1558";"wF2G9FP7P";"1419701203874";"26.0515"
"1559";"%%KD&rD";"1419701208154";"22.45"
"1560";"^E?Nneb";"1419701241810";"21.4674"
"1561";"wF2G9FP7P";"1419701233885";"25.8541"
"1562";"%%KD&rD";"1419701237946";"22.21"
"1563";"wF2G9FP7P";"1419701263896";"26.1076"
"1564";"%%KD&rD";"1419701267728";"22.34"
"1565";"wF2G9FP7P";"1419701293908";"26.1191"
"1566";"%%KD&rD";"1419701297521";"22.35"
"1567";"wF2G9FP7P";"1419701323919";"26.0725"
"1568";"%%KD&rD";"1419701328269";"22.33"
"1569";"^E?Nneb";"1419701360901";"21.19"
"1570";"wF2G9FP7P";"1419701353934";"26.0174"
"1571";"%%KD&rD";"1419701358055";"22.41"
"1572";"^E?Nneb";"1419701390712";"21.0863"
"1573";"wF2G9FP7P";"1419701383944";"26.1302"
"1574";"%%KD&rD";"1419701387848";"22.46"
"1575";"^E?Nneb";"1419701421445";"21.124"
"1576";"wF2G9FP7P";"1419701413951";"26.232"
"1577";"%%KD&rD";"1419701417635";"22.41"
"1578";"^E?Nneb";"1419701451413";"20.9487"
"1579";"wF2G9FP7P";"1419701443962";"26.1359"
"1580";"%%KD&rD";"1419701448388";"22.48"
"1581";"^E?Nneb";"1419701481013";"20.9285"
"1582";"wF2G9FP7P";"1419701473974";"26.1214"
"1583";"%%KD&rD";"1419701478172";"22.59"
"1584";"^E?Nneb";"1419701510813";"21.056"
"1585";"wF2G9FP7P";"1419701503985";"26.3293"
"1586";"%%KD&rD";"1419701507960";"22.56"
"1587";"^E?Nneb";"1419701541658";"21.1336"
"1588";"wF2G9FP7P";"1419701533996";"26.4913"
"1589";"%%KD&rD";"1419701537755";"22.62"
"1590";"^E?Nneb";"1419701571335";"21.1128"
"1591";"wF2G9FP7P";"1419701563972";"26.2319"
"1592";"%%KD&rD";"1419701568502";"22.55"
"1593";"^E?Nneb";"1419701601135";"20.9854"
"1594";"wF2G9FP7P";"1419701594009";"28.4085"
"1595";"%%KD&rD";"1419701598292";"22.37"
"1596";"^E?Nneb";"1419701630929";"20.7974"
"1597";"wF2G9FP7P";"1419701624016";"27.3898"
"1598";"%%KD&rD";"1419701628079";"22.7"
"1599";"^E?Nneb";"1419701661742";"20.7801"
"1600";"wF2G9FP7P";"1419701654000";"26.4305"
"1601";"%%KD&rD";"1419701657875";"22.51"
"1602";"^E?Nneb";"1419701691451";"20.7821"
"1603";"wF2G9FP7P";"1419701684029";"25.5187"
"1604";"%%KD&rD";"1419701688617";"22.64"
"1605";"^E?Nneb";"1419701721236";"20.8128"
"1606";"wF2G9FP7P";"1419701714035";"25.4675"
"1607";"%%KD&rD";"1419701718406";"22.68"
"1608";"^E?Nneb";"1419701751034";"20.5688"
"1609";"wF2G9FP7P";"1419701744047";"25.2668"
"1610";"%%KD&rD";"1419701748202";"22.83"
"1611";"^E?Nneb";"1419701780826";"20.5916"
"1612";"wF2G9FP7P";"1419701774058";"24.9521"
"1613";"%%KD&rD";"1419701777983";"22.78"
"1614";"^E?Nneb";"1419701811575";"20.7012"
"1615";"wF2G9FP7P";"1419701804069";"25.1056"
"1616";"%%KD&rD";"1419701808735";"23.11"
"1617";"^E?Nneb";"1419701841358";"20.8157"
"1618";"wF2G9FP7P";"1419701834077";"25.1636"
"1619";"%%KD&rD";"1419701838519";"22.9"
"1620";"^E?Nneb";"1419701871154";"20.683"
"1621";"wF2G9FP7P";"1419701864077";"25.0378"
"1622";"%%KD&rD";"1419701868312";"22.83"
"1623";"^E?Nneb";"1419701900943";"20.672"
"1624";"^E?Nneb";"1419701931683";"20.527"
"1625";"wF2G9FP7P";"1419701924104";"25.1639"
"1626";"wF2G9FP7P";"1419701894089";"25.0053"
"1627";"%%KD&rD";"1419701927895";"22.97"
"1628";"%%KD&rD";"1419701898105";"22.92"
"1629";"wF2G9FP7P";"1419702164176";"25.5654"
"1630";"^E?Nneb";"1419702201692";"19.8578"
"1631";"wF2G9FP7P";"1419702194205";"25.6507"
"1632";"%%KD&rD";"1419702198869";"23.13"
"1633";"^E?Nneb";"1419702231482";"19.7588"
"1634";"wF2G9FP7P";"1419702224184";"25.5148"
"1635";"%%KD&rD";"1419702228661";"23.16"
"1636";"^E?Nneb";"1419702261267";"19.7967"
"1637";"wF2G9FP7P";"1419702284220";"25.661"
"1638";"wF2G9FP7P";"1419702254213";"25.4186"
"1639";"wF2G9FP7P";"1419702344244";"25.5291"
"1640";"%%KD&rD";"1419702348777";"23"
"1641";"^E?Nneb";"1419702381386";"19.6444"
"1642";"wF2G9FP7P";"1419702374254";"25.4479"
"1643";"%%KD&rD";"1419702378565";"23.2"
"1644";"^E?Nneb";"1419702411164";"19.655"
"1645";"wF2G9FP7P";"1419702404266";"25.3873"
"1646";"%%KD&rD";"1419702408383";"23.1"
"1647";"^E?Nneb";"1419702441914";"19.5106"
"1648";"wF2G9FP7P";"1419702434238";"25.6375"
"1649";"%%KD&rD";"1419702439104";"23.14"
"1650";"^E?Nneb";"1419702471702";"19.5212"
"1651";"wF2G9FP7P";"1419702464273";"25.7732"
"1652";"%%KD&rD";"1419702468901";"23.33"
"1653";"wF2G9FP7P";"1419705944471";"25.6016"
"1654";"%%KD&rD";"1419705923010";"29.52"
"1655";"wF2G9FP7P";"1419705974485";"25.7453"
"1656";"^E?Nneb";"1419706004390";"17.3145"
"1657";"%%KD&rD";"1419705983551";"31.47"
"1658";"wF2G9FP7P";"1419706004526";"25.6671"
"1659";"%%KD&rD";"1419706013340";"32.38"
"1660";"^E?Nneb";"1419706034181";"17.3152"
"1661";"wF2G9FP7P";"1419706034538";"25.8616"
"1662";"^E?Nneb";"1419706063975";"17.2615"
"1663";"%%KD&rD";"1419706043135";"32.74"
"1664";"wF2G9FP7P";"1419706064549";"26.0142"
"1665";"^E?Nneb";"1419706093761";"17.1592"
"1666";"%%KD&rD";"1419706073874";"32"
"1667";"wF2G9FP7P";"1419706094494";"25.8293"
"1668";"^E?Nneb";"1419706124503";"17.3093"
"1669";"%%KD&rD";"1419706103668";"30.91"
"1670";"wF2G9FP7P";"1419706124505";"25.9876"
"1671";"^E?Nneb";"1419706154288";"17.3416"
"1672";"%%KD&rD";"1419706133456";"29.73"
"1673";"wF2G9FP7P";"1419706154516";"25.8573"
"1674";"^E?Nneb";"1419706184080";"17.4198"
"1675";"%%KD&rD";"1419706163245";"28.77"
"1676";"wF2G9FP7P";"1419706184542";"25.944"
"1677";"^E?Nneb";"1419706213871";"17.167"
"1678";"wF2G9FP7P";"1419706214554";"25.8573"
"1679";"^E?Nneb";"1419706244635";"17.2256"
"1680";"%%KD&rD";"1419706193049";"28.1"
"1681";"^E?Nneb";"1419706274404";"17.3522"
"1682";"wF2G9FP7P";"1419706244563";"26.0199"
"1683";"%%KD&rD";"1419706223780";"27.53"
"1684";"wF2G9FP7P";"1419706274575";"25.9097"
"1685";"^E?Nneb";"1419706304204";"17.7325"
"1686";"%%KD&rD";"1419706253579";"27.6"
"1687";"wF2G9FP7P";"1419706304586";"25.9678"
"1688";"^E?Nneb";"1419706333977";"17.2289"
"1689";"%%KD&rD";"1419706283360";"27.61"
"1690";"wF2G9FP7P";"1419706334598";"26.1619"
"1691";"%%KD&rD";"1419706313168";"27.44"
"1692";"^E?Nneb";"1419706363779";"17.3506"
"1693";"%%KD&rD";"1419706343898";"27.39"
"1694";"wF2G9FP7P";"1419706364594";"25.9535"
"1695";"^E?Nneb";"1419706394518";"17.2339"
"1696";"%%KD&rD";"1419706373688";"27.54"
"1697";"^E?Nneb";"1419706424314";"17.2197"
"1698";"%%KD&rD";"1419706403482";"28.4"
"1699";"%%KD&rD";"1419706433279";"28.2"
"1700";"^E?Nneb";"1419706454085";"17.9125"
"1701";"wF2G9FP7P";"1419706394598";"28.0163"
"1702";"^E?Nneb";"1419706483879";"17.7294"
"1703";"%%KD&rD";"1419706464018";"27.92"
"1704";"^E?Nneb";"1419706514623";"17.7808"
"1705";"%%KD&rD";"1419706493803";"27.63"
"1706";"^E?Nneb";"1419706544414";"17.7396"
"1707";"%%KD&rD";"1419706523589";"27.55"
"1708";"%%KD&rD";"1419706553428";"27.16"
"1709";"^E?Nneb";"1419711824466";"17.3527"
"1710";"^E?Nneb";"1419711853951";"17.4127"
"1711";"^E?Nneb";"1419711883749";"17.3834"
"1712";"^E?Nneb";"1419711914559";"17.2935"
"1713";"^E?Nneb";"1419711944270";"17.4642"
"1714";"^E?Nneb";"1419711974062";"17.3101"
"1715";"^E?Nneb";"1419712003858";"17.1443"
"1716";"^E?Nneb";"1419712034596";"17.2128"
"1717";"^E?Nneb";"1419712064381";"17.2056"
"1718";"^E?Nneb";"1419712094179";"17.2872"
"1719";"^E?Nneb";"1419712123970";"17.3118"
"1720";"^E?Nneb";"1419712153771";"17.1722"
"1721";"^E?Nneb";"1419712184502";"17.0342"
"1722";"^E?Nneb";"1419712214299";"17.0234"
"1723";"^E?Nneb";"1419712244079";"17.2116"
"1724";"^E?Nneb";"1419712273875";"17.3017"
"1725";"^E?Nneb";"1419712304615";"17.2835"
"1726";"^E?Nneb";"1419712334409";"17.0535"
"1727";"^E?Nneb";"1419712364196";"17.2257"
"1728";"^E?Nneb";"1419712394939";"17.1001"
"1729";"^E?Nneb";"1419712424729";"16.6929"
"1730";"^E?Nneb";"1419712454519";"16.7573"
"1731";"^E?Nneb";"1419712484304";"16.8873"
"1732";"^E?Nneb";"1419712514107";"16.7457"
"1733";"^E?Nneb";"1419712544840";"16.8241"
"1734";"^E?Nneb";"1419712574622";"18.3538"
"1735";"^E?Nneb";"1419712605144";"22.054"
"1736";"^E?Nneb";"1419712634967";"20.7747"
"1737";"^E?Nneb";"1419712665694";"23.5414"
"1738";"^E?Nneb";"1419712695473";"29.4121"
"1739";"^E?Nneb";"1419712725278";"31.6608"
"1740";"^E?Nneb";"1419712755063";"22.802"
"1741";"^E?Nneb";"1419712785808";"20.9133"
"1742";"^E?Nneb";"1419712815597";"20.1586"
"1743";"^E?Nneb";"1419712845391";"19.6525"
"1744";"^E?Nneb";"1419712875174";"19.3639"
"1745";"^E?Nneb";"1419712905918";"18.9597"
"1746";"^E?Nneb";"1419712935700";"18.6803"
"1747";"^E?Nneb";"1419712965484";"18.4931"
"1748";"^E?Nneb";"1419712995306";"17.9464"
"1749";"^E?Nneb";"1419713025083";"17.8498"
"1750";"^E?Nneb";"1419713055820";"17.5551"
"1751";"^E?Nneb";"1419713085606";"17.478"
"1752";"^E?Nneb";"1419713115420";"17.727"
"1753";"^E?Nneb";"1419713145171";"17.3837"
"1754";"^E?Nneb";"1419713175917";"21.8276"
"1755";"^E?Nneb";"1419713205770";"28.4075"
"1756";"^E?Nneb";"1419713235491";"19.9943"
"1757";"^E?Nneb";"1419713265292";"18.8541"
"1758";"^E?Nneb";"1419713296047";"18.1093"
"1759";"^E?Nneb";"1419713325825";"17.9352"
"1760";"^E?Nneb";"1419713355600";"17.9143"
"1761";"^E?Nneb";"1419713385391";"18.0522"
"1762";"^E?Nneb";"1419713415185";"18.0319"
"1763";"^E?Nneb";"1419713445927";"17.9"
"1764";"^E?Nneb";"1419713475719";"17.6716"
"1765";"^E?Nneb";"1419713505505";"17.6832"
"1766";"^E?Nneb";"1419713535290";"17.638"
"1767";"^E?Nneb";"1419713566044";"17.6383"
"1768";"^E?Nneb";"1419713595831";"17.5433"
"1769";"^E?Nneb";"1419713625615";"17.5595"
"1770";"^E?Nneb";"1419713655413";"17.3314"
"1771";"^E?Nneb";"1419713745732";"17.2455"
"1772";"^E?Nneb";"1419713775509";"17.3923"
"1773";"^E?Nneb";"1419713805308";"16.9238"
"1774";"^E?Nneb";"1419713836045";"17.2561"
"1775";"^E?Nneb";"1419714285748";"17.6239"
"1776";"^E?Nneb";"1419714315545";"17.9629"
"1777";"^E?Nneb";"1419714345329";"17.9261"
"1778";"^E?Nneb";"1419714376080";"18.1043"
"1779";"^E?Nneb";"1419714404825";"17.7565"
"1780";"^E?Nneb";"1419714434601";"17.8999"
"1781";"^E?Nneb";"1419714464401";"17.8228"
"1782";"^E?Nneb";"1419714495137";"17.7658"
"1783";"%m_Cۄ@ǅk";"1419710057801";"33.4783"
"1784";"%m_Cۄ@ǅk";"1419730261674";"21.4574"
"1785";"%m_Cۄ@ǅk";"1419730292425";"22.8781"
"1786";"%m_Cۄ@ǅk";"1419730322214";"22.1673"
"1787";"%m_Cۄ@ǅk";"1419730352006";"21.9014"
"1788";"%m_Cۄ@ǅk";"1419730381805";"21.648"
"1789";"%m_Cۄ@ǅk";"1419730412543";"21.0088"
"1790";"%m_Cۄ@ǅk";"1419730442337";"21.1996"
"1791";"%m_Cۄ@ǅk";"1419730472122";"20.7481"
"1792";"%m_Cۄ@ǅk";"1419730501917";"20.7464"
"1793";"%m_Cۄ@ǅk";"1419730532662";"20.5148"
"1794";"%m_Cۄ@ǅk";"1419730562447";"20.7767"
"1795";"%m_Cۄ@ǅk";"1419730592237";"20.4753"
"1796";"%m_Cۄ@ǅk";"1419730622033";"20.2078"
